-- MySQL dump 10.16  Distrib 10.1.48-MariaDB, for debian-linux-gnu (x86_64)
--
-- Host: localhost    Database: DEVELOPMENTGROUP
-- ------------------------------------------------------
-- Server version	10.1.48-MariaDB-0ubuntu0.18.04.1

/*!40101 SET @OLD_CHARACTER_SET_CLIENT=@@CHARACTER_SET_CLIENT */;
/*!40101 SET @OLD_CHARACTER_SET_RESULTS=@@CHARACTER_SET_RESULTS */;
/*!40101 SET @OLD_COLLATION_CONNECTION=@@COLLATION_CONNECTION */;
/*!40101 SET NAMES utf8mb4 */;
/*!40103 SET @OLD_TIME_ZONE=@@TIME_ZONE */;
/*!40103 SET TIME_ZONE='+00:00' */;
/*!40014 SET @OLD_UNIQUE_CHECKS=@@UNIQUE_CHECKS, UNIQUE_CHECKS=0 */;
/*!40014 SET @OLD_FOREIGN_KEY_CHECKS=@@FOREIGN_KEY_CHECKS, FOREIGN_KEY_CHECKS=0 */;
/*!40101 SET @OLD_SQL_MODE=@@SQL_MODE, SQL_MODE='NO_AUTO_VALUE_ON_ZERO' */;
/*!40111 SET @OLD_SQL_NOTES=@@SQL_NOTES, SQL_NOTES=0 */;

--
-- Table structure for table `BINS`
--

DROP TABLE IF EXISTS `BINS`;
/*!40101 SET @saved_cs_client     = @@character_set_client */;
/*!40101 SET character_set_client = utf8 */;
CREATE TABLE `BINS` (
  `BIN_ID` int(11) NOT NULL AUTO_INCREMENT,
  `AISLE` varchar(100) DEFAULT NULL,
  `BAY` varchar(100) DEFAULT NULL,
  `SHELF` varchar(100) DEFAULT NULL,
  `BIN_SLOT` varchar(100) DEFAULT NULL,
  PRIMARY KEY (`BIN_ID`)
) ENGINE=InnoDB AUTO_INCREMENT=2401 DEFAULT CHARSET=latin1;
/*!40101 SET character_set_client = @saved_cs_client */;

--
-- Dumping data for table `BINS`
--

LOCK TABLES `BINS` WRITE;
/*!40000 ALTER TABLE `BINS` DISABLE KEYS */;
INSERT INTO `BINS` VALUES (1,'1','1','A','1'),(2,'1','1','B','1'),(3,'1','1','C','1'),(4,'1','1','D','1'),(5,'1','1','E','1'),(6,'1','2','A','1'),(7,'1','2','B','1'),(8,'1','2','C','1'),(9,'1','2','D','1'),(10,'1','2','E','1'),(11,'1','3','A','1'),(12,'1','3','B','1'),(13,'1','3','C','1'),(14,'1','3','D','1'),(15,'1','3','E','1'),(16,'1','4','A','1'),(17,'1','4','B','1'),(18,'1','4','C','1'),(19,'1','4','D','1'),(20,'1','4','E','1'),(21,'1','5','A','1'),(22,'1','5','B','1'),(23,'1','5','C','1'),(24,'1','5','D','1'),(25,'1','5','E','1'),(26,'1','6','A','1'),(27,'1','6','B','1'),(28,'1','6','C','1'),(29,'1','6','D','1'),(30,'1','6','E','1'),(31,'1','7','A','1'),(32,'1','7','B','1'),(33,'1','7','C','1'),(34,'1','7','D','1'),(35,'1','7','E','1'),(36,'1','8','A','1'),(37,'1','8','B','1'),(38,'1','8','C','1'),(39,'1','8','D','1'),(40,'1','8','E','1'),(41,'1','9','A','1'),(42,'1','9','B','1'),(43,'1','9','C','1'),(44,'1','9','D','1'),(45,'1','9','E','1'),(46,'1','10','A','1'),(47,'1','10','B','1'),(48,'1','10','C','1'),(49,'1','10','D','1'),(50,'1','10','E','1'),(51,'1','1','A','2'),(52,'1','1','B','2'),(53,'1','1','C','2'),(54,'1','1','D','2'),(55,'1','1','E','2'),(56,'1','2','A','2'),(57,'1','2','B','2'),(58,'1','2','C','2'),(59,'1','2','D','2'),(60,'1','2','E','2'),(61,'1','3','A','2'),(62,'1','3','B','2'),(63,'1','3','C','2'),(64,'1','3','D','2'),(65,'1','3','E','2'),(66,'1','4','A','2'),(67,'1','4','B','2'),(68,'1','4','C','2'),(69,'1','4','D','2'),(70,'1','4','E','2'),(71,'1','5','A','2'),(72,'1','5','B','2'),(73,'1','5','C','2'),(74,'1','5','D','2'),(75,'1','5','E','2'),(76,'1','6','A','2'),(77,'1','6','B','2'),(78,'1','6','C','2'),(79,'1','6','D','2'),(80,'1','6','E','2'),(81,'1','7','A','2'),(82,'1','7','B','2'),(83,'1','7','C','2'),(84,'1','7','D','2'),(85,'1','7','E','2'),(86,'1','8','A','2'),(87,'1','8','B','2'),(88,'1','8','C','2'),(89,'1','8','D','2'),(90,'1','8','E','2'),(91,'1','9','A','2'),(92,'1','9','B','2'),(93,'1','9','C','2'),(94,'1','9','D','2'),(95,'1','9','E','2'),(96,'1','10','A','2'),(97,'1','10','B','2'),(98,'1','10','C','2'),(99,'1','10','D','2'),(100,'1','10','E','2'),(101,'1','1','A','3'),(102,'1','1','B','3'),(103,'1','1','C','3'),(104,'1','1','D','3'),(105,'1','1','E','3'),(106,'1','2','A','3'),(107,'1','2','B','3'),(108,'1','2','C','3'),(109,'1','2','D','3'),(110,'1','2','E','3'),(111,'1','3','A','3'),(112,'1','3','B','3'),(113,'1','3','C','3'),(114,'1','3','D','3'),(115,'1','3','E','3'),(116,'1','4','A','3'),(117,'1','4','B','3'),(118,'1','4','C','3'),(119,'1','4','D','3'),(120,'1','4','E','3'),(121,'1','5','A','3'),(122,'1','5','B','3'),(123,'1','5','C','3'),(124,'1','5','D','3'),(125,'1','5','E','3'),(126,'1','6','A','3'),(127,'1','6','B','3'),(128,'1','6','C','3'),(129,'1','6','D','3'),(130,'1','6','E','3'),(131,'1','7','A','3'),(132,'1','7','B','3'),(133,'1','7','C','3'),(134,'1','7','D','3'),(135,'1','7','E','3'),(136,'1','8','A','3'),(137,'1','8','B','3'),(138,'1','8','C','3'),(139,'1','8','D','3'),(140,'1','8','E','3'),(141,'1','9','A','3'),(142,'1','9','B','3'),(143,'1','9','C','3'),(144,'1','9','D','3'),(145,'1','9','E','3'),(146,'1','10','A','3'),(147,'1','10','B','3'),(148,'1','10','C','3'),(149,'1','10','D','3'),(150,'1','10','E','3'),(151,'1','1','A','4'),(152,'1','1','B','4'),(153,'1','1','C','4'),(154,'1','1','D','4'),(155,'1','1','E','4'),(156,'1','2','A','4'),(157,'1','2','B','4'),(158,'1','2','C','4'),(159,'1','2','D','4'),(160,'1','2','E','4'),(161,'1','3','A','4'),(162,'1','3','B','4'),(163,'1','3','C','4'),(164,'1','3','D','4'),(165,'1','3','E','4'),(166,'1','4','A','4'),(167,'1','4','B','4'),(168,'1','4','C','4'),(169,'1','4','D','4'),(170,'1','4','E','4'),(171,'1','5','A','4'),(172,'1','5','B','4'),(173,'1','5','C','4'),(174,'1','5','D','4'),(175,'1','5','E','4'),(176,'1','6','A','4'),(177,'1','6','B','4'),(178,'1','6','C','4'),(179,'1','6','D','4'),(180,'1','6','E','4'),(181,'1','7','A','4'),(182,'1','7','B','4'),(183,'1','7','C','4'),(184,'1','7','D','4'),(185,'1','7','E','4'),(186,'1','8','A','4'),(187,'1','8','B','4'),(188,'1','8','C','4'),(189,'1','8','D','4'),(190,'1','8','E','4'),(191,'1','9','A','4'),(192,'1','9','B','4'),(193,'1','9','C','4'),(194,'1','9','D','4'),(195,'1','9','E','4'),(196,'1','10','A','4'),(197,'1','10','B','4'),(198,'1','10','C','4'),(199,'1','10','D','4'),(200,'1','10','E','4'),(201,'1','1','A','5'),(202,'1','1','B','5'),(203,'1','1','C','5'),(204,'1','1','D','5'),(205,'1','1','E','5'),(206,'1','2','A','5'),(207,'1','2','B','5'),(208,'1','2','C','5'),(209,'1','2','D','5'),(210,'1','2','E','5'),(211,'1','3','A','5'),(212,'1','3','B','5'),(213,'1','3','C','5'),(214,'1','3','D','5'),(215,'1','3','E','5'),(216,'1','4','A','5'),(217,'1','4','B','5'),(218,'1','4','C','5'),(219,'1','4','D','5'),(220,'1','4','E','5'),(221,'1','5','A','5'),(222,'1','5','B','5'),(223,'1','5','C','5'),(224,'1','5','D','5'),(225,'1','5','E','5'),(226,'1','6','A','5'),(227,'1','6','B','5'),(228,'1','6','C','5'),(229,'1','6','D','5'),(230,'1','6','E','5'),(231,'1','7','A','5'),(232,'1','7','B','5'),(233,'1','7','C','5'),(234,'1','7','D','5'),(235,'1','7','E','5'),(236,'1','8','A','5'),(237,'1','8','B','5'),(238,'1','8','C','5'),(239,'1','8','D','5'),(240,'1','8','E','5'),(241,'1','9','A','5'),(242,'1','9','B','5'),(243,'1','9','C','5'),(244,'1','9','D','5'),(245,'1','9','E','5'),(246,'1','10','A','5'),(247,'1','10','B','5'),(248,'1','10','C','5'),(249,'1','10','D','5'),(250,'1','10','E','5'),(251,'1','1','A','6'),(252,'1','1','B','6'),(253,'1','1','C','6'),(254,'1','1','D','6'),(255,'1','1','E','6'),(256,'1','2','A','6'),(257,'1','2','B','6'),(258,'1','2','C','6'),(259,'1','2','D','6'),(260,'1','2','E','6'),(261,'1','3','A','6'),(262,'1','3','B','6'),(263,'1','3','C','6'),(264,'1','3','D','6'),(265,'1','3','E','6'),(266,'1','4','A','6'),(267,'1','4','B','6'),(268,'1','4','C','6'),(269,'1','4','D','6'),(270,'1','4','E','6'),(271,'1','5','A','6'),(272,'1','5','B','6'),(273,'1','5','C','6'),(274,'1','5','D','6'),(275,'1','5','E','6'),(276,'1','6','A','6'),(277,'1','6','B','6'),(278,'1','6','C','6'),(279,'1','6','D','6'),(280,'1','6','E','6'),(281,'1','7','A','6'),(282,'1','7','B','6'),(283,'1','7','C','6'),(284,'1','7','D','6'),(285,'1','7','E','6'),(286,'1','8','A','6'),(287,'1','8','B','6'),(288,'1','8','C','6'),(289,'1','8','D','6'),(290,'1','8','E','6'),(291,'1','9','A','6'),(292,'1','9','B','6'),(293,'1','9','C','6'),(294,'1','9','D','6'),(295,'1','9','E','6'),(296,'1','10','A','6'),(297,'1','10','B','6'),(298,'1','10','C','6'),(299,'1','10','D','6'),(300,'1','10','E','6'),(301,'1','1','A','7'),(302,'1','1','B','7'),(303,'1','1','C','7'),(304,'1','1','D','7'),(305,'1','1','E','7'),(306,'1','2','A','7'),(307,'1','2','B','7'),(308,'1','2','C','7'),(309,'1','2','D','7'),(310,'1','2','E','7'),(311,'1','3','A','7'),(312,'1','3','B','7'),(313,'1','3','C','7'),(314,'1','3','D','7'),(315,'1','3','E','7'),(316,'1','4','A','7'),(317,'1','4','B','7'),(318,'1','4','C','7'),(319,'1','4','D','7'),(320,'1','4','E','7'),(321,'1','5','A','7'),(322,'1','5','B','7'),(323,'1','5','C','7'),(324,'1','5','D','7'),(325,'1','5','E','7'),(326,'1','6','A','7'),(327,'1','6','B','7'),(328,'1','6','C','7'),(329,'1','6','D','7'),(330,'1','6','E','7'),(331,'1','7','A','7'),(332,'1','7','B','7'),(333,'1','7','C','7'),(334,'1','7','D','7'),(335,'1','7','E','7'),(336,'1','8','A','7'),(337,'1','8','B','7'),(338,'1','8','C','7'),(339,'1','8','D','7'),(340,'1','8','E','7'),(341,'1','9','A','7'),(342,'1','9','B','7'),(343,'1','9','C','7'),(344,'1','9','D','7'),(345,'1','9','E','7'),(346,'1','10','A','7'),(347,'1','10','B','7'),(348,'1','10','C','7'),(349,'1','10','D','7'),(350,'1','10','E','7'),(351,'1','1','A','8'),(352,'1','1','B','8'),(353,'1','1','C','8'),(354,'1','1','D','8'),(355,'1','1','E','8'),(356,'1','2','A','8'),(357,'1','2','B','8'),(358,'1','2','C','8'),(359,'1','2','D','8'),(360,'1','2','E','8'),(361,'1','3','A','8'),(362,'1','3','B','8'),(363,'1','3','C','8'),(364,'1','3','D','8'),(365,'1','3','E','8'),(366,'1','4','A','8'),(367,'1','4','B','8'),(368,'1','4','C','8'),(369,'1','4','D','8'),(370,'1','4','E','8'),(371,'1','5','A','8'),(372,'1','5','B','8'),(373,'1','5','C','8'),(374,'1','5','D','8'),(375,'1','5','E','8'),(376,'1','6','A','8'),(377,'1','6','B','8'),(378,'1','6','C','8'),(379,'1','6','D','8'),(380,'1','6','E','8'),(381,'1','7','A','8'),(382,'1','7','B','8'),(383,'1','7','C','8'),(384,'1','7','D','8'),(385,'1','7','E','8'),(386,'1','8','A','8'),(387,'1','8','B','8'),(388,'1','8','C','8'),(389,'1','8','D','8'),(390,'1','8','E','8'),(391,'1','9','A','8'),(392,'1','9','B','8'),(393,'1','9','C','8'),(394,'1','9','D','8'),(395,'1','9','E','8'),(396,'1','10','A','8'),(397,'1','10','B','8'),(398,'1','10','C','8'),(399,'1','10','D','8'),(400,'1','10','E','8'),(401,'2','1','A','1'),(402,'2','1','B','1'),(403,'2','1','C','1'),(404,'2','1','D','1'),(405,'2','1','E','1'),(406,'2','2','A','1'),(407,'2','2','B','1'),(408,'2','2','C','1'),(409,'2','2','D','1'),(410,'2','2','E','1'),(411,'2','3','A','1'),(412,'2','3','B','1'),(413,'2','3','C','1'),(414,'2','3','D','1'),(415,'2','3','E','1'),(416,'2','4','A','1'),(417,'2','4','B','1'),(418,'2','4','C','1'),(419,'2','4','D','1'),(420,'2','4','E','1'),(421,'2','5','A','1'),(422,'2','5','B','1'),(423,'2','5','C','1'),(424,'2','5','D','1'),(425,'2','5','E','1'),(426,'2','6','A','1'),(427,'2','6','B','1'),(428,'2','6','C','1'),(429,'2','6','D','1'),(430,'2','6','E','1'),(431,'2','7','A','1'),(432,'2','7','B','1'),(433,'2','7','C','1'),(434,'2','7','D','1'),(435,'2','7','E','1'),(436,'2','8','A','1'),(437,'2','8','B','1'),(438,'2','8','C','1'),(439,'2','8','D','1'),(440,'2','8','E','1'),(441,'2','9','A','1'),(442,'2','9','B','1'),(443,'2','9','C','1'),(444,'2','9','D','1'),(445,'2','9','E','1'),(446,'2','10','A','1'),(447,'2','10','B','1'),(448,'2','10','C','1'),(449,'2','10','D','1'),(450,'2','10','E','1'),(451,'2','1','A','2'),(452,'2','1','B','2'),(453,'2','1','C','2'),(454,'2','1','D','2'),(455,'2','1','E','2'),(456,'2','2','A','2'),(457,'2','2','B','2'),(458,'2','2','C','2'),(459,'2','2','D','2'),(460,'2','2','E','2'),(461,'2','3','A','2'),(462,'2','3','B','2'),(463,'2','3','C','2'),(464,'2','3','D','2'),(465,'2','3','E','2'),(466,'2','4','A','2'),(467,'2','4','B','2'),(468,'2','4','C','2'),(469,'2','4','D','2'),(470,'2','4','E','2'),(471,'2','5','A','2'),(472,'2','5','B','2'),(473,'2','5','C','2'),(474,'2','5','D','2'),(475,'2','5','E','2'),(476,'2','6','A','2'),(477,'2','6','B','2'),(478,'2','6','C','2'),(479,'2','6','D','2'),(480,'2','6','E','2'),(481,'2','7','A','2'),(482,'2','7','B','2'),(483,'2','7','C','2'),(484,'2','7','D','2'),(485,'2','7','E','2'),(486,'2','8','A','2'),(487,'2','8','B','2'),(488,'2','8','C','2'),(489,'2','8','D','2'),(490,'2','8','E','2'),(491,'2','9','A','2'),(492,'2','9','B','2'),(493,'2','9','C','2'),(494,'2','9','D','2'),(495,'2','9','E','2'),(496,'2','10','A','2'),(497,'2','10','B','2'),(498,'2','10','C','2'),(499,'2','10','D','2'),(500,'2','10','E','2'),(501,'2','1','A','3'),(502,'2','1','B','3'),(503,'2','1','C','3'),(504,'2','1','D','3'),(505,'2','1','E','3'),(506,'2','2','A','3'),(507,'2','2','B','3'),(508,'2','2','C','3'),(509,'2','2','D','3'),(510,'2','2','E','3'),(511,'2','3','A','3'),(512,'2','3','B','3'),(513,'2','3','C','3'),(514,'2','3','D','3'),(515,'2','3','E','3'),(516,'2','4','A','3'),(517,'2','4','B','3'),(518,'2','4','C','3'),(519,'2','4','D','3'),(520,'2','4','E','3'),(521,'2','5','A','3'),(522,'2','5','B','3'),(523,'2','5','C','3'),(524,'2','5','D','3'),(525,'2','5','E','3'),(526,'2','6','A','3'),(527,'2','6','B','3'),(528,'2','6','C','3'),(529,'2','6','D','3'),(530,'2','6','E','3'),(531,'2','7','A','3'),(532,'2','7','B','3'),(533,'2','7','C','3'),(534,'2','7','D','3'),(535,'2','7','E','3'),(536,'2','8','A','3'),(537,'2','8','B','3'),(538,'2','8','C','3'),(539,'2','8','D','3'),(540,'2','8','E','3'),(541,'2','9','A','3'),(542,'2','9','B','3'),(543,'2','9','C','3'),(544,'2','9','D','3'),(545,'2','9','E','3'),(546,'2','10','A','3'),(547,'2','10','B','3'),(548,'2','10','C','3'),(549,'2','10','D','3'),(550,'2','10','E','3'),(551,'2','1','A','4'),(552,'2','1','B','4'),(553,'2','1','C','4'),(554,'2','1','D','4'),(555,'2','1','E','4'),(556,'2','2','A','4'),(557,'2','2','B','4'),(558,'2','2','C','4'),(559,'2','2','D','4'),(560,'2','2','E','4'),(561,'2','3','A','4'),(562,'2','3','B','4'),(563,'2','3','C','4'),(564,'2','3','D','4'),(565,'2','3','E','4'),(566,'2','4','A','4'),(567,'2','4','B','4'),(568,'2','4','C','4'),(569,'2','4','D','4'),(570,'2','4','E','4'),(571,'2','5','A','4'),(572,'2','5','B','4'),(573,'2','5','C','4'),(574,'2','5','D','4'),(575,'2','5','E','4'),(576,'2','6','A','4'),(577,'2','6','B','4'),(578,'2','6','C','4'),(579,'2','6','D','4'),(580,'2','6','E','4'),(581,'2','7','A','4'),(582,'2','7','B','4'),(583,'2','7','C','4'),(584,'2','7','D','4'),(585,'2','7','E','4'),(586,'2','8','A','4'),(587,'2','8','B','4'),(588,'2','8','C','4'),(589,'2','8','D','4'),(590,'2','8','E','4'),(591,'2','9','A','4'),(592,'2','9','B','4'),(593,'2','9','C','4'),(594,'2','9','D','4'),(595,'2','9','E','4'),(596,'2','10','A','4'),(597,'2','10','B','4'),(598,'2','10','C','4'),(599,'2','10','D','4'),(600,'2','10','E','4'),(601,'2','1','A','5'),(602,'2','1','B','5'),(603,'2','1','C','5'),(604,'2','1','D','5'),(605,'2','1','E','5'),(606,'2','2','A','5'),(607,'2','2','B','5'),(608,'2','2','C','5'),(609,'2','2','D','5'),(610,'2','2','E','5'),(611,'2','3','A','5'),(612,'2','3','B','5'),(613,'2','3','C','5'),(614,'2','3','D','5'),(615,'2','3','E','5'),(616,'2','4','A','5'),(617,'2','4','B','5'),(618,'2','4','C','5'),(619,'2','4','D','5'),(620,'2','4','E','5'),(621,'2','5','A','5'),(622,'2','5','B','5'),(623,'2','5','C','5'),(624,'2','5','D','5'),(625,'2','5','E','5'),(626,'2','6','A','5'),(627,'2','6','B','5'),(628,'2','6','C','5'),(629,'2','6','D','5'),(630,'2','6','E','5'),(631,'2','7','A','5'),(632,'2','7','B','5'),(633,'2','7','C','5'),(634,'2','7','D','5'),(635,'2','7','E','5'),(636,'2','8','A','5'),(637,'2','8','B','5'),(638,'2','8','C','5'),(639,'2','8','D','5'),(640,'2','8','E','5'),(641,'2','9','A','5'),(642,'2','9','B','5'),(643,'2','9','C','5'),(644,'2','9','D','5'),(645,'2','9','E','5'),(646,'2','10','A','5'),(647,'2','10','B','5'),(648,'2','10','C','5'),(649,'2','10','D','5'),(650,'2','10','E','5'),(651,'2','1','A','6'),(652,'2','1','B','6'),(653,'2','1','C','6'),(654,'2','1','D','6'),(655,'2','1','E','6'),(656,'2','2','A','6'),(657,'2','2','B','6'),(658,'2','2','C','6'),(659,'2','2','D','6'),(660,'2','2','E','6'),(661,'2','3','A','6'),(662,'2','3','B','6'),(663,'2','3','C','6'),(664,'2','3','D','6'),(665,'2','3','E','6'),(666,'2','4','A','6'),(667,'2','4','B','6'),(668,'2','4','C','6'),(669,'2','4','D','6'),(670,'2','4','E','6'),(671,'2','5','A','6'),(672,'2','5','B','6'),(673,'2','5','C','6'),(674,'2','5','D','6'),(675,'2','5','E','6'),(676,'2','6','A','6'),(677,'2','6','B','6'),(678,'2','6','C','6'),(679,'2','6','D','6'),(680,'2','6','E','6'),(681,'2','7','A','6'),(682,'2','7','B','6'),(683,'2','7','C','6'),(684,'2','7','D','6'),(685,'2','7','E','6'),(686,'2','8','A','6'),(687,'2','8','B','6'),(688,'2','8','C','6'),(689,'2','8','D','6'),(690,'2','8','E','6'),(691,'2','9','A','6'),(692,'2','9','B','6'),(693,'2','9','C','6'),(694,'2','9','D','6'),(695,'2','9','E','6'),(696,'2','10','A','6'),(697,'2','10','B','6'),(698,'2','10','C','6'),(699,'2','10','D','6'),(700,'2','10','E','6'),(701,'2','1','A','7'),(702,'2','1','B','7'),(703,'2','1','C','7'),(704,'2','1','D','7'),(705,'2','1','E','7'),(706,'2','2','A','7'),(707,'2','2','B','7'),(708,'2','2','C','7'),(709,'2','2','D','7'),(710,'2','2','E','7'),(711,'2','3','A','7'),(712,'2','3','B','7'),(713,'2','3','C','7'),(714,'2','3','D','7'),(715,'2','3','E','7'),(716,'2','4','A','7'),(717,'2','4','B','7'),(718,'2','4','C','7'),(719,'2','4','D','7'),(720,'2','4','E','7'),(721,'2','5','A','7'),(722,'2','5','B','7'),(723,'2','5','C','7'),(724,'2','5','D','7'),(725,'2','5','E','7'),(726,'2','6','A','7'),(727,'2','6','B','7'),(728,'2','6','C','7'),(729,'2','6','D','7'),(730,'2','6','E','7'),(731,'2','7','A','7'),(732,'2','7','B','7'),(733,'2','7','C','7'),(734,'2','7','D','7'),(735,'2','7','E','7'),(736,'2','8','A','7'),(737,'2','8','B','7'),(738,'2','8','C','7'),(739,'2','8','D','7'),(740,'2','8','E','7'),(741,'2','9','A','7'),(742,'2','9','B','7'),(743,'2','9','C','7'),(744,'2','9','D','7'),(745,'2','9','E','7'),(746,'2','10','A','7'),(747,'2','10','B','7'),(748,'2','10','C','7'),(749,'2','10','D','7'),(750,'2','10','E','7'),(751,'2','1','A','8'),(752,'2','1','B','8'),(753,'2','1','C','8'),(754,'2','1','D','8'),(755,'2','1','E','8'),(756,'2','2','A','8'),(757,'2','2','B','8'),(758,'2','2','C','8'),(759,'2','2','D','8'),(760,'2','2','E','8'),(761,'2','3','A','8'),(762,'2','3','B','8'),(763,'2','3','C','8'),(764,'2','3','D','8'),(765,'2','3','E','8'),(766,'2','4','A','8'),(767,'2','4','B','8'),(768,'2','4','C','8'),(769,'2','4','D','8'),(770,'2','4','E','8'),(771,'2','5','A','8'),(772,'2','5','B','8'),(773,'2','5','C','8'),(774,'2','5','D','8'),(775,'2','5','E','8'),(776,'2','6','A','8'),(777,'2','6','B','8'),(778,'2','6','C','8'),(779,'2','6','D','8'),(780,'2','6','E','8'),(781,'2','7','A','8'),(782,'2','7','B','8'),(783,'2','7','C','8'),(784,'2','7','D','8'),(785,'2','7','E','8'),(786,'2','8','A','8'),(787,'2','8','B','8'),(788,'2','8','C','8'),(789,'2','8','D','8'),(790,'2','8','E','8'),(791,'2','9','A','8'),(792,'2','9','B','8'),(793,'2','9','C','8'),(794,'2','9','D','8'),(795,'2','9','E','8'),(796,'2','10','A','8'),(797,'2','10','B','8'),(798,'2','10','C','8'),(799,'2','10','D','8'),(800,'2','10','E','8'),(801,'3','1','A','1'),(802,'3','1','B','1'),(803,'3','1','C','1'),(804,'3','1','D','1'),(805,'3','1','E','1'),(806,'3','2','A','1'),(807,'3','2','B','1'),(808,'3','2','C','1'),(809,'3','2','D','1'),(810,'3','2','E','1'),(811,'3','3','A','1'),(812,'3','3','B','1'),(813,'3','3','C','1'),(814,'3','3','D','1'),(815,'3','3','E','1'),(816,'3','4','A','1'),(817,'3','4','B','1'),(818,'3','4','C','1'),(819,'3','4','D','1'),(820,'3','4','E','1'),(821,'3','5','A','1'),(822,'3','5','B','1'),(823,'3','5','C','1'),(824,'3','5','D','1'),(825,'3','5','E','1'),(826,'3','6','A','1'),(827,'3','6','B','1'),(828,'3','6','C','1'),(829,'3','6','D','1'),(830,'3','6','E','1'),(831,'3','7','A','1'),(832,'3','7','B','1'),(833,'3','7','C','1'),(834,'3','7','D','1'),(835,'3','7','E','1'),(836,'3','8','A','1'),(837,'3','8','B','1'),(838,'3','8','C','1'),(839,'3','8','D','1'),(840,'3','8','E','1'),(841,'3','9','A','1'),(842,'3','9','B','1'),(843,'3','9','C','1'),(844,'3','9','D','1'),(845,'3','9','E','1'),(846,'3','10','A','1'),(847,'3','10','B','1'),(848,'3','10','C','1'),(849,'3','10','D','1'),(850,'3','10','E','1'),(851,'3','1','A','2'),(852,'3','1','B','2'),(853,'3','1','C','2'),(854,'3','1','D','2'),(855,'3','1','E','2'),(856,'3','2','A','2'),(857,'3','2','B','2'),(858,'3','2','C','2'),(859,'3','2','D','2'),(860,'3','2','E','2'),(861,'3','3','A','2'),(862,'3','3','B','2'),(863,'3','3','C','2'),(864,'3','3','D','2'),(865,'3','3','E','2'),(866,'3','4','A','2'),(867,'3','4','B','2'),(868,'3','4','C','2'),(869,'3','4','D','2'),(870,'3','4','E','2'),(871,'3','5','A','2'),(872,'3','5','B','2'),(873,'3','5','C','2'),(874,'3','5','D','2'),(875,'3','5','E','2'),(876,'3','6','A','2'),(877,'3','6','B','2'),(878,'3','6','C','2'),(879,'3','6','D','2'),(880,'3','6','E','2'),(881,'3','7','A','2'),(882,'3','7','B','2'),(883,'3','7','C','2'),(884,'3','7','D','2'),(885,'3','7','E','2'),(886,'3','8','A','2'),(887,'3','8','B','2'),(888,'3','8','C','2'),(889,'3','8','D','2'),(890,'3','8','E','2'),(891,'3','9','A','2'),(892,'3','9','B','2'),(893,'3','9','C','2'),(894,'3','9','D','2'),(895,'3','9','E','2'),(896,'3','10','A','2'),(897,'3','10','B','2'),(898,'3','10','C','2'),(899,'3','10','D','2'),(900,'3','10','E','2'),(901,'3','1','A','3'),(902,'3','1','B','3'),(903,'3','1','C','3'),(904,'3','1','D','3'),(905,'3','1','E','3'),(906,'3','2','A','3'),(907,'3','2','B','3'),(908,'3','2','C','3'),(909,'3','2','D','3'),(910,'3','2','E','3'),(911,'3','3','A','3'),(912,'3','3','B','3'),(913,'3','3','C','3'),(914,'3','3','D','3'),(915,'3','3','E','3'),(916,'3','4','A','3'),(917,'3','4','B','3'),(918,'3','4','C','3'),(919,'3','4','D','3'),(920,'3','4','E','3'),(921,'3','5','A','3'),(922,'3','5','B','3'),(923,'3','5','C','3'),(924,'3','5','D','3'),(925,'3','5','E','3'),(926,'3','6','A','3'),(927,'3','6','B','3'),(928,'3','6','C','3'),(929,'3','6','D','3'),(930,'3','6','E','3'),(931,'3','7','A','3'),(932,'3','7','B','3'),(933,'3','7','C','3'),(934,'3','7','D','3'),(935,'3','7','E','3'),(936,'3','8','A','3'),(937,'3','8','B','3'),(938,'3','8','C','3'),(939,'3','8','D','3'),(940,'3','8','E','3'),(941,'3','9','A','3'),(942,'3','9','B','3'),(943,'3','9','C','3'),(944,'3','9','D','3'),(945,'3','9','E','3'),(946,'3','10','A','3'),(947,'3','10','B','3'),(948,'3','10','C','3'),(949,'3','10','D','3'),(950,'3','10','E','3'),(951,'3','1','A','4'),(952,'3','1','B','4'),(953,'3','1','C','4'),(954,'3','1','D','4'),(955,'3','1','E','4'),(956,'3','2','A','4'),(957,'3','2','B','4'),(958,'3','2','C','4'),(959,'3','2','D','4'),(960,'3','2','E','4'),(961,'3','3','A','4'),(962,'3','3','B','4'),(963,'3','3','C','4'),(964,'3','3','D','4'),(965,'3','3','E','4'),(966,'3','4','A','4'),(967,'3','4','B','4'),(968,'3','4','C','4'),(969,'3','4','D','4'),(970,'3','4','E','4'),(971,'3','5','A','4'),(972,'3','5','B','4'),(973,'3','5','C','4'),(974,'3','5','D','4'),(975,'3','5','E','4'),(976,'3','6','A','4'),(977,'3','6','B','4'),(978,'3','6','C','4'),(979,'3','6','D','4'),(980,'3','6','E','4'),(981,'3','7','A','4'),(982,'3','7','B','4'),(983,'3','7','C','4'),(984,'3','7','D','4'),(985,'3','7','E','4'),(986,'3','8','A','4'),(987,'3','8','B','4'),(988,'3','8','C','4'),(989,'3','8','D','4'),(990,'3','8','E','4'),(991,'3','9','A','4'),(992,'3','9','B','4'),(993,'3','9','C','4'),(994,'3','9','D','4'),(995,'3','9','E','4'),(996,'3','10','A','4'),(997,'3','10','B','4'),(998,'3','10','C','4'),(999,'3','10','D','4'),(1000,'3','10','E','4'),(1001,'3','1','A','5'),(1002,'3','1','B','5'),(1003,'3','1','C','5'),(1004,'3','1','D','5'),(1005,'3','1','E','5'),(1006,'3','2','A','5'),(1007,'3','2','B','5'),(1008,'3','2','C','5'),(1009,'3','2','D','5'),(1010,'3','2','E','5'),(1011,'3','3','A','5'),(1012,'3','3','B','5'),(1013,'3','3','C','5'),(1014,'3','3','D','5'),(1015,'3','3','E','5'),(1016,'3','4','A','5'),(1017,'3','4','B','5'),(1018,'3','4','C','5'),(1019,'3','4','D','5'),(1020,'3','4','E','5'),(1021,'3','5','A','5'),(1022,'3','5','B','5'),(1023,'3','5','C','5'),(1024,'3','5','D','5'),(1025,'3','5','E','5'),(1026,'3','6','A','5'),(1027,'3','6','B','5'),(1028,'3','6','C','5'),(1029,'3','6','D','5'),(1030,'3','6','E','5'),(1031,'3','7','A','5'),(1032,'3','7','B','5'),(1033,'3','7','C','5'),(1034,'3','7','D','5'),(1035,'3','7','E','5'),(1036,'3','8','A','5'),(1037,'3','8','B','5'),(1038,'3','8','C','5'),(1039,'3','8','D','5'),(1040,'3','8','E','5'),(1041,'3','9','A','5'),(1042,'3','9','B','5'),(1043,'3','9','C','5'),(1044,'3','9','D','5'),(1045,'3','9','E','5'),(1046,'3','10','A','5'),(1047,'3','10','B','5'),(1048,'3','10','C','5'),(1049,'3','10','D','5'),(1050,'3','10','E','5'),(1051,'3','1','A','6'),(1052,'3','1','B','6'),(1053,'3','1','C','6'),(1054,'3','1','D','6'),(1055,'3','1','E','6'),(1056,'3','2','A','6'),(1057,'3','2','B','6'),(1058,'3','2','C','6'),(1059,'3','2','D','6'),(1060,'3','2','E','6'),(1061,'3','3','A','6'),(1062,'3','3','B','6'),(1063,'3','3','C','6'),(1064,'3','3','D','6'),(1065,'3','3','E','6'),(1066,'3','4','A','6'),(1067,'3','4','B','6'),(1068,'3','4','C','6'),(1069,'3','4','D','6'),(1070,'3','4','E','6'),(1071,'3','5','A','6'),(1072,'3','5','B','6'),(1073,'3','5','C','6'),(1074,'3','5','D','6'),(1075,'3','5','E','6'),(1076,'3','6','A','6'),(1077,'3','6','B','6'),(1078,'3','6','C','6'),(1079,'3','6','D','6'),(1080,'3','6','E','6'),(1081,'3','7','A','6'),(1082,'3','7','B','6'),(1083,'3','7','C','6'),(1084,'3','7','D','6'),(1085,'3','7','E','6'),(1086,'3','8','A','6'),(1087,'3','8','B','6'),(1088,'3','8','C','6'),(1089,'3','8','D','6'),(1090,'3','8','E','6'),(1091,'3','9','A','6'),(1092,'3','9','B','6'),(1093,'3','9','C','6'),(1094,'3','9','D','6'),(1095,'3','9','E','6'),(1096,'3','10','A','6'),(1097,'3','10','B','6'),(1098,'3','10','C','6'),(1099,'3','10','D','6'),(1100,'3','10','E','6'),(1101,'3','1','A','7'),(1102,'3','1','B','7'),(1103,'3','1','C','7'),(1104,'3','1','D','7'),(1105,'3','1','E','7'),(1106,'3','2','A','7'),(1107,'3','2','B','7'),(1108,'3','2','C','7'),(1109,'3','2','D','7'),(1110,'3','2','E','7'),(1111,'3','3','A','7'),(1112,'3','3','B','7'),(1113,'3','3','C','7'),(1114,'3','3','D','7'),(1115,'3','3','E','7'),(1116,'3','4','A','7'),(1117,'3','4','B','7'),(1118,'3','4','C','7'),(1119,'3','4','D','7'),(1120,'3','4','E','7'),(1121,'3','5','A','7'),(1122,'3','5','B','7'),(1123,'3','5','C','7'),(1124,'3','5','D','7'),(1125,'3','5','E','7'),(1126,'3','6','A','7'),(1127,'3','6','B','7'),(1128,'3','6','C','7'),(1129,'3','6','D','7'),(1130,'3','6','E','7'),(1131,'3','7','A','7'),(1132,'3','7','B','7'),(1133,'3','7','C','7'),(1134,'3','7','D','7'),(1135,'3','7','E','7'),(1136,'3','8','A','7'),(1137,'3','8','B','7'),(1138,'3','8','C','7'),(1139,'3','8','D','7'),(1140,'3','8','E','7'),(1141,'3','9','A','7'),(1142,'3','9','B','7'),(1143,'3','9','C','7'),(1144,'3','9','D','7'),(1145,'3','9','E','7'),(1146,'3','10','A','7'),(1147,'3','10','B','7'),(1148,'3','10','C','7'),(1149,'3','10','D','7'),(1150,'3','10','E','7'),(1151,'3','1','A','8'),(1152,'3','1','B','8'),(1153,'3','1','C','8'),(1154,'3','1','D','8'),(1155,'3','1','E','8'),(1156,'3','2','A','8'),(1157,'3','2','B','8'),(1158,'3','2','C','8'),(1159,'3','2','D','8'),(1160,'3','2','E','8'),(1161,'3','3','A','8'),(1162,'3','3','B','8'),(1163,'3','3','C','8'),(1164,'3','3','D','8'),(1165,'3','3','E','8'),(1166,'3','4','A','8'),(1167,'3','4','B','8'),(1168,'3','4','C','8'),(1169,'3','4','D','8'),(1170,'3','4','E','8'),(1171,'3','5','A','8'),(1172,'3','5','B','8'),(1173,'3','5','C','8'),(1174,'3','5','D','8'),(1175,'3','5','E','8'),(1176,'3','6','A','8'),(1177,'3','6','B','8'),(1178,'3','6','C','8'),(1179,'3','6','D','8'),(1180,'3','6','E','8'),(1181,'3','7','A','8'),(1182,'3','7','B','8'),(1183,'3','7','C','8'),(1184,'3','7','D','8'),(1185,'3','7','E','8'),(1186,'3','8','A','8'),(1187,'3','8','B','8'),(1188,'3','8','C','8'),(1189,'3','8','D','8'),(1190,'3','8','E','8'),(1191,'3','9','A','8'),(1192,'3','9','B','8'),(1193,'3','9','C','8'),(1194,'3','9','D','8'),(1195,'3','9','E','8'),(1196,'3','10','A','8'),(1197,'3','10','B','8'),(1198,'3','10','C','8'),(1199,'3','10','D','8'),(1200,'3','10','E','8'),(1201,'4','1','A','1'),(1202,'4','1','B','1'),(1203,'4','1','C','1'),(1204,'4','1','D','1'),(1205,'4','1','E','1'),(1206,'4','2','A','1'),(1207,'4','2','B','1'),(1208,'4','2','C','1'),(1209,'4','2','D','1'),(1210,'4','2','E','1'),(1211,'4','3','A','1'),(1212,'4','3','B','1'),(1213,'4','3','C','1'),(1214,'4','3','D','1'),(1215,'4','3','E','1'),(1216,'4','4','A','1'),(1217,'4','4','B','1'),(1218,'4','4','C','1'),(1219,'4','4','D','1'),(1220,'4','4','E','1'),(1221,'4','5','A','1'),(1222,'4','5','B','1'),(1223,'4','5','C','1'),(1224,'4','5','D','1'),(1225,'4','5','E','1'),(1226,'4','6','A','1'),(1227,'4','6','B','1'),(1228,'4','6','C','1'),(1229,'4','6','D','1'),(1230,'4','6','E','1'),(1231,'4','7','A','1'),(1232,'4','7','B','1'),(1233,'4','7','C','1'),(1234,'4','7','D','1'),(1235,'4','7','E','1'),(1236,'4','8','A','1'),(1237,'4','8','B','1'),(1238,'4','8','C','1'),(1239,'4','8','D','1'),(1240,'4','8','E','1'),(1241,'4','9','A','1'),(1242,'4','9','B','1'),(1243,'4','9','C','1'),(1244,'4','9','D','1'),(1245,'4','9','E','1'),(1246,'4','10','A','1'),(1247,'4','10','B','1'),(1248,'4','10','C','1'),(1249,'4','10','D','1'),(1250,'4','10','E','1'),(1251,'4','1','A','2'),(1252,'4','1','B','2'),(1253,'4','1','C','2'),(1254,'4','1','D','2'),(1255,'4','1','E','2'),(1256,'4','2','A','2'),(1257,'4','2','B','2'),(1258,'4','2','C','2'),(1259,'4','2','D','2'),(1260,'4','2','E','2'),(1261,'4','3','A','2'),(1262,'4','3','B','2'),(1263,'4','3','C','2'),(1264,'4','3','D','2'),(1265,'4','3','E','2'),(1266,'4','4','A','2'),(1267,'4','4','B','2'),(1268,'4','4','C','2'),(1269,'4','4','D','2'),(1270,'4','4','E','2'),(1271,'4','5','A','2'),(1272,'4','5','B','2'),(1273,'4','5','C','2'),(1274,'4','5','D','2'),(1275,'4','5','E','2'),(1276,'4','6','A','2'),(1277,'4','6','B','2'),(1278,'4','6','C','2'),(1279,'4','6','D','2'),(1280,'4','6','E','2'),(1281,'4','7','A','2'),(1282,'4','7','B','2'),(1283,'4','7','C','2'),(1284,'4','7','D','2'),(1285,'4','7','E','2'),(1286,'4','8','A','2'),(1287,'4','8','B','2'),(1288,'4','8','C','2'),(1289,'4','8','D','2'),(1290,'4','8','E','2'),(1291,'4','9','A','2'),(1292,'4','9','B','2'),(1293,'4','9','C','2'),(1294,'4','9','D','2'),(1295,'4','9','E','2'),(1296,'4','10','A','2'),(1297,'4','10','B','2'),(1298,'4','10','C','2'),(1299,'4','10','D','2'),(1300,'4','10','E','2'),(1301,'4','1','A','3'),(1302,'4','1','B','3'),(1303,'4','1','C','3'),(1304,'4','1','D','3'),(1305,'4','1','E','3'),(1306,'4','2','A','3'),(1307,'4','2','B','3'),(1308,'4','2','C','3'),(1309,'4','2','D','3'),(1310,'4','2','E','3'),(1311,'4','3','A','3'),(1312,'4','3','B','3'),(1313,'4','3','C','3'),(1314,'4','3','D','3'),(1315,'4','3','E','3'),(1316,'4','4','A','3'),(1317,'4','4','B','3'),(1318,'4','4','C','3'),(1319,'4','4','D','3'),(1320,'4','4','E','3'),(1321,'4','5','A','3'),(1322,'4','5','B','3'),(1323,'4','5','C','3'),(1324,'4','5','D','3'),(1325,'4','5','E','3'),(1326,'4','6','A','3'),(1327,'4','6','B','3'),(1328,'4','6','C','3'),(1329,'4','6','D','3'),(1330,'4','6','E','3'),(1331,'4','7','A','3'),(1332,'4','7','B','3'),(1333,'4','7','C','3'),(1334,'4','7','D','3'),(1335,'4','7','E','3'),(1336,'4','8','A','3'),(1337,'4','8','B','3'),(1338,'4','8','C','3'),(1339,'4','8','D','3'),(1340,'4','8','E','3'),(1341,'4','9','A','3'),(1342,'4','9','B','3'),(1343,'4','9','C','3'),(1344,'4','9','D','3'),(1345,'4','9','E','3'),(1346,'4','10','A','3'),(1347,'4','10','B','3'),(1348,'4','10','C','3'),(1349,'4','10','D','3'),(1350,'4','10','E','3'),(1351,'4','1','A','4'),(1352,'4','1','B','4'),(1353,'4','1','C','4'),(1354,'4','1','D','4'),(1355,'4','1','E','4'),(1356,'4','2','A','4'),(1357,'4','2','B','4'),(1358,'4','2','C','4'),(1359,'4','2','D','4'),(1360,'4','2','E','4'),(1361,'4','3','A','4'),(1362,'4','3','B','4'),(1363,'4','3','C','4'),(1364,'4','3','D','4'),(1365,'4','3','E','4'),(1366,'4','4','A','4'),(1367,'4','4','B','4'),(1368,'4','4','C','4'),(1369,'4','4','D','4'),(1370,'4','4','E','4'),(1371,'4','5','A','4'),(1372,'4','5','B','4'),(1373,'4','5','C','4'),(1374,'4','5','D','4'),(1375,'4','5','E','4'),(1376,'4','6','A','4'),(1377,'4','6','B','4'),(1378,'4','6','C','4'),(1379,'4','6','D','4'),(1380,'4','6','E','4'),(1381,'4','7','A','4'),(1382,'4','7','B','4'),(1383,'4','7','C','4'),(1384,'4','7','D','4'),(1385,'4','7','E','4'),(1386,'4','8','A','4'),(1387,'4','8','B','4'),(1388,'4','8','C','4'),(1389,'4','8','D','4'),(1390,'4','8','E','4'),(1391,'4','9','A','4'),(1392,'4','9','B','4'),(1393,'4','9','C','4'),(1394,'4','9','D','4'),(1395,'4','9','E','4'),(1396,'4','10','A','4'),(1397,'4','10','B','4'),(1398,'4','10','C','4'),(1399,'4','10','D','4'),(1400,'4','10','E','4'),(1401,'4','1','A','5'),(1402,'4','1','B','5'),(1403,'4','1','C','5'),(1404,'4','1','D','5'),(1405,'4','1','E','5'),(1406,'4','2','A','5'),(1407,'4','2','B','5'),(1408,'4','2','C','5'),(1409,'4','2','D','5'),(1410,'4','2','E','5'),(1411,'4','3','A','5'),(1412,'4','3','B','5'),(1413,'4','3','C','5'),(1414,'4','3','D','5'),(1415,'4','3','E','5'),(1416,'4','4','A','5'),(1417,'4','4','B','5'),(1418,'4','4','C','5'),(1419,'4','4','D','5'),(1420,'4','4','E','5'),(1421,'4','5','A','5'),(1422,'4','5','B','5'),(1423,'4','5','C','5'),(1424,'4','5','D','5'),(1425,'4','5','E','5'),(1426,'4','6','A','5'),(1427,'4','6','B','5'),(1428,'4','6','C','5'),(1429,'4','6','D','5'),(1430,'4','6','E','5'),(1431,'4','7','A','5'),(1432,'4','7','B','5'),(1433,'4','7','C','5'),(1434,'4','7','D','5'),(1435,'4','7','E','5'),(1436,'4','8','A','5'),(1437,'4','8','B','5'),(1438,'4','8','C','5'),(1439,'4','8','D','5'),(1440,'4','8','E','5'),(1441,'4','9','A','5'),(1442,'4','9','B','5'),(1443,'4','9','C','5'),(1444,'4','9','D','5'),(1445,'4','9','E','5'),(1446,'4','10','A','5'),(1447,'4','10','B','5'),(1448,'4','10','C','5'),(1449,'4','10','D','5'),(1450,'4','10','E','5'),(1451,'4','1','A','6'),(1452,'4','1','B','6'),(1453,'4','1','C','6'),(1454,'4','1','D','6'),(1455,'4','1','E','6'),(1456,'4','2','A','6'),(1457,'4','2','B','6'),(1458,'4','2','C','6'),(1459,'4','2','D','6'),(1460,'4','2','E','6'),(1461,'4','3','A','6'),(1462,'4','3','B','6'),(1463,'4','3','C','6'),(1464,'4','3','D','6'),(1465,'4','3','E','6'),(1466,'4','4','A','6'),(1467,'4','4','B','6'),(1468,'4','4','C','6'),(1469,'4','4','D','6'),(1470,'4','4','E','6'),(1471,'4','5','A','6'),(1472,'4','5','B','6'),(1473,'4','5','C','6'),(1474,'4','5','D','6'),(1475,'4','5','E','6'),(1476,'4','6','A','6'),(1477,'4','6','B','6'),(1478,'4','6','C','6'),(1479,'4','6','D','6'),(1480,'4','6','E','6'),(1481,'4','7','A','6'),(1482,'4','7','B','6'),(1483,'4','7','C','6'),(1484,'4','7','D','6'),(1485,'4','7','E','6'),(1486,'4','8','A','6'),(1487,'4','8','B','6'),(1488,'4','8','C','6'),(1489,'4','8','D','6'),(1490,'4','8','E','6'),(1491,'4','9','A','6'),(1492,'4','9','B','6'),(1493,'4','9','C','6'),(1494,'4','9','D','6'),(1495,'4','9','E','6'),(1496,'4','10','A','6'),(1497,'4','10','B','6'),(1498,'4','10','C','6'),(1499,'4','10','D','6'),(1500,'4','10','E','6'),(1501,'4','1','A','7'),(1502,'4','1','B','7'),(1503,'4','1','C','7'),(1504,'4','1','D','7'),(1505,'4','1','E','7'),(1506,'4','2','A','7'),(1507,'4','2','B','7'),(1508,'4','2','C','7'),(1509,'4','2','D','7'),(1510,'4','2','E','7'),(1511,'4','3','A','7'),(1512,'4','3','B','7'),(1513,'4','3','C','7'),(1514,'4','3','D','7'),(1515,'4','3','E','7'),(1516,'4','4','A','7'),(1517,'4','4','B','7'),(1518,'4','4','C','7'),(1519,'4','4','D','7'),(1520,'4','4','E','7'),(1521,'4','5','A','7'),(1522,'4','5','B','7'),(1523,'4','5','C','7'),(1524,'4','5','D','7'),(1525,'4','5','E','7'),(1526,'4','6','A','7'),(1527,'4','6','B','7'),(1528,'4','6','C','7'),(1529,'4','6','D','7'),(1530,'4','6','E','7'),(1531,'4','7','A','7'),(1532,'4','7','B','7'),(1533,'4','7','C','7'),(1534,'4','7','D','7'),(1535,'4','7','E','7'),(1536,'4','8','A','7'),(1537,'4','8','B','7'),(1538,'4','8','C','7'),(1539,'4','8','D','7'),(1540,'4','8','E','7'),(1541,'4','9','A','7'),(1542,'4','9','B','7'),(1543,'4','9','C','7'),(1544,'4','9','D','7'),(1545,'4','9','E','7'),(1546,'4','10','A','7'),(1547,'4','10','B','7'),(1548,'4','10','C','7'),(1549,'4','10','D','7'),(1550,'4','10','E','7'),(1551,'4','1','A','8'),(1552,'4','1','B','8'),(1553,'4','1','C','8'),(1554,'4','1','D','8'),(1555,'4','1','E','8'),(1556,'4','2','A','8'),(1557,'4','2','B','8'),(1558,'4','2','C','8'),(1559,'4','2','D','8'),(1560,'4','2','E','8'),(1561,'4','3','A','8'),(1562,'4','3','B','8'),(1563,'4','3','C','8'),(1564,'4','3','D','8'),(1565,'4','3','E','8'),(1566,'4','4','A','8'),(1567,'4','4','B','8'),(1568,'4','4','C','8'),(1569,'4','4','D','8'),(1570,'4','4','E','8'),(1571,'4','5','A','8'),(1572,'4','5','B','8'),(1573,'4','5','C','8'),(1574,'4','5','D','8'),(1575,'4','5','E','8'),(1576,'4','6','A','8'),(1577,'4','6','B','8'),(1578,'4','6','C','8'),(1579,'4','6','D','8'),(1580,'4','6','E','8'),(1581,'4','7','A','8'),(1582,'4','7','B','8'),(1583,'4','7','C','8'),(1584,'4','7','D','8'),(1585,'4','7','E','8'),(1586,'4','8','A','8'),(1587,'4','8','B','8'),(1588,'4','8','C','8'),(1589,'4','8','D','8'),(1590,'4','8','E','8'),(1591,'4','9','A','8'),(1592,'4','9','B','8'),(1593,'4','9','C','8'),(1594,'4','9','D','8'),(1595,'4','9','E','8'),(1596,'4','10','A','8'),(1597,'4','10','B','8'),(1598,'4','10','C','8'),(1599,'4','10','D','8'),(1600,'4','10','E','8'),(1601,'5','1','A','1'),(1602,'5','1','B','1'),(1603,'5','1','C','1'),(1604,'5','1','D','1'),(1605,'5','1','E','1'),(1606,'5','2','A','1'),(1607,'5','2','B','1'),(1608,'5','2','C','1'),(1609,'5','2','D','1'),(1610,'5','2','E','1'),(1611,'5','3','A','1'),(1612,'5','3','B','1'),(1613,'5','3','C','1'),(1614,'5','3','D','1'),(1615,'5','3','E','1'),(1616,'5','4','A','1'),(1617,'5','4','B','1'),(1618,'5','4','C','1'),(1619,'5','4','D','1'),(1620,'5','4','E','1'),(1621,'5','5','A','1'),(1622,'5','5','B','1'),(1623,'5','5','C','1'),(1624,'5','5','D','1'),(1625,'5','5','E','1'),(1626,'5','6','A','1'),(1627,'5','6','B','1'),(1628,'5','6','C','1'),(1629,'5','6','D','1'),(1630,'5','6','E','1'),(1631,'5','7','A','1'),(1632,'5','7','B','1'),(1633,'5','7','C','1'),(1634,'5','7','D','1'),(1635,'5','7','E','1'),(1636,'5','8','A','1'),(1637,'5','8','B','1'),(1638,'5','8','C','1'),(1639,'5','8','D','1'),(1640,'5','8','E','1'),(1641,'5','9','A','1'),(1642,'5','9','B','1'),(1643,'5','9','C','1'),(1644,'5','9','D','1'),(1645,'5','9','E','1'),(1646,'5','10','A','1'),(1647,'5','10','B','1'),(1648,'5','10','C','1'),(1649,'5','10','D','1'),(1650,'5','10','E','1'),(1651,'5','1','A','2'),(1652,'5','1','B','2'),(1653,'5','1','C','2'),(1654,'5','1','D','2'),(1655,'5','1','E','2'),(1656,'5','2','A','2'),(1657,'5','2','B','2'),(1658,'5','2','C','2'),(1659,'5','2','D','2'),(1660,'5','2','E','2'),(1661,'5','3','A','2'),(1662,'5','3','B','2'),(1663,'5','3','C','2'),(1664,'5','3','D','2'),(1665,'5','3','E','2'),(1666,'5','4','A','2'),(1667,'5','4','B','2'),(1668,'5','4','C','2'),(1669,'5','4','D','2'),(1670,'5','4','E','2'),(1671,'5','5','A','2'),(1672,'5','5','B','2'),(1673,'5','5','C','2'),(1674,'5','5','D','2'),(1675,'5','5','E','2'),(1676,'5','6','A','2'),(1677,'5','6','B','2'),(1678,'5','6','C','2'),(1679,'5','6','D','2'),(1680,'5','6','E','2'),(1681,'5','7','A','2'),(1682,'5','7','B','2'),(1683,'5','7','C','2'),(1684,'5','7','D','2'),(1685,'5','7','E','2'),(1686,'5','8','A','2'),(1687,'5','8','B','2'),(1688,'5','8','C','2'),(1689,'5','8','D','2'),(1690,'5','8','E','2'),(1691,'5','9','A','2'),(1692,'5','9','B','2'),(1693,'5','9','C','2'),(1694,'5','9','D','2'),(1695,'5','9','E','2'),(1696,'5','10','A','2'),(1697,'5','10','B','2'),(1698,'5','10','C','2'),(1699,'5','10','D','2'),(1700,'5','10','E','2'),(1701,'5','1','A','3'),(1702,'5','1','B','3'),(1703,'5','1','C','3'),(1704,'5','1','D','3'),(1705,'5','1','E','3'),(1706,'5','2','A','3'),(1707,'5','2','B','3'),(1708,'5','2','C','3'),(1709,'5','2','D','3'),(1710,'5','2','E','3'),(1711,'5','3','A','3'),(1712,'5','3','B','3'),(1713,'5','3','C','3'),(1714,'5','3','D','3'),(1715,'5','3','E','3'),(1716,'5','4','A','3'),(1717,'5','4','B','3'),(1718,'5','4','C','3'),(1719,'5','4','D','3'),(1720,'5','4','E','3'),(1721,'5','5','A','3'),(1722,'5','5','B','3'),(1723,'5','5','C','3'),(1724,'5','5','D','3'),(1725,'5','5','E','3'),(1726,'5','6','A','3'),(1727,'5','6','B','3'),(1728,'5','6','C','3'),(1729,'5','6','D','3'),(1730,'5','6','E','3'),(1731,'5','7','A','3'),(1732,'5','7','B','3'),(1733,'5','7','C','3'),(1734,'5','7','D','3'),(1735,'5','7','E','3'),(1736,'5','8','A','3'),(1737,'5','8','B','3'),(1738,'5','8','C','3'),(1739,'5','8','D','3'),(1740,'5','8','E','3'),(1741,'5','9','A','3'),(1742,'5','9','B','3'),(1743,'5','9','C','3'),(1744,'5','9','D','3'),(1745,'5','9','E','3'),(1746,'5','10','A','3'),(1747,'5','10','B','3'),(1748,'5','10','C','3'),(1749,'5','10','D','3'),(1750,'5','10','E','3'),(1751,'5','1','A','4'),(1752,'5','1','B','4'),(1753,'5','1','C','4'),(1754,'5','1','D','4'),(1755,'5','1','E','4'),(1756,'5','2','A','4'),(1757,'5','2','B','4'),(1758,'5','2','C','4'),(1759,'5','2','D','4'),(1760,'5','2','E','4'),(1761,'5','3','A','4'),(1762,'5','3','B','4'),(1763,'5','3','C','4'),(1764,'5','3','D','4'),(1765,'5','3','E','4'),(1766,'5','4','A','4'),(1767,'5','4','B','4'),(1768,'5','4','C','4'),(1769,'5','4','D','4'),(1770,'5','4','E','4'),(1771,'5','5','A','4'),(1772,'5','5','B','4'),(1773,'5','5','C','4'),(1774,'5','5','D','4'),(1775,'5','5','E','4'),(1776,'5','6','A','4'),(1777,'5','6','B','4'),(1778,'5','6','C','4'),(1779,'5','6','D','4'),(1780,'5','6','E','4'),(1781,'5','7','A','4'),(1782,'5','7','B','4'),(1783,'5','7','C','4'),(1784,'5','7','D','4'),(1785,'5','7','E','4'),(1786,'5','8','A','4'),(1787,'5','8','B','4'),(1788,'5','8','C','4'),(1789,'5','8','D','4'),(1790,'5','8','E','4'),(1791,'5','9','A','4'),(1792,'5','9','B','4'),(1793,'5','9','C','4'),(1794,'5','9','D','4'),(1795,'5','9','E','4'),(1796,'5','10','A','4'),(1797,'5','10','B','4'),(1798,'5','10','C','4'),(1799,'5','10','D','4'),(1800,'5','10','E','4'),(1801,'5','1','A','5'),(1802,'5','1','B','5'),(1803,'5','1','C','5'),(1804,'5','1','D','5'),(1805,'5','1','E','5'),(1806,'5','2','A','5'),(1807,'5','2','B','5'),(1808,'5','2','C','5'),(1809,'5','2','D','5'),(1810,'5','2','E','5'),(1811,'5','3','A','5'),(1812,'5','3','B','5'),(1813,'5','3','C','5'),(1814,'5','3','D','5'),(1815,'5','3','E','5'),(1816,'5','4','A','5'),(1817,'5','4','B','5'),(1818,'5','4','C','5'),(1819,'5','4','D','5'),(1820,'5','4','E','5'),(1821,'5','5','A','5'),(1822,'5','5','B','5'),(1823,'5','5','C','5'),(1824,'5','5','D','5'),(1825,'5','5','E','5'),(1826,'5','6','A','5'),(1827,'5','6','B','5'),(1828,'5','6','C','5'),(1829,'5','6','D','5'),(1830,'5','6','E','5'),(1831,'5','7','A','5'),(1832,'5','7','B','5'),(1833,'5','7','C','5'),(1834,'5','7','D','5'),(1835,'5','7','E','5'),(1836,'5','8','A','5'),(1837,'5','8','B','5'),(1838,'5','8','C','5'),(1839,'5','8','D','5'),(1840,'5','8','E','5'),(1841,'5','9','A','5'),(1842,'5','9','B','5'),(1843,'5','9','C','5'),(1844,'5','9','D','5'),(1845,'5','9','E','5'),(1846,'5','10','A','5'),(1847,'5','10','B','5'),(1848,'5','10','C','5'),(1849,'5','10','D','5'),(1850,'5','10','E','5'),(1851,'5','1','A','6'),(1852,'5','1','B','6'),(1853,'5','1','C','6'),(1854,'5','1','D','6'),(1855,'5','1','E','6'),(1856,'5','2','A','6'),(1857,'5','2','B','6'),(1858,'5','2','C','6'),(1859,'5','2','D','6'),(1860,'5','2','E','6'),(1861,'5','3','A','6'),(1862,'5','3','B','6'),(1863,'5','3','C','6'),(1864,'5','3','D','6'),(1865,'5','3','E','6'),(1866,'5','4','A','6'),(1867,'5','4','B','6'),(1868,'5','4','C','6'),(1869,'5','4','D','6'),(1870,'5','4','E','6'),(1871,'5','5','A','6'),(1872,'5','5','B','6'),(1873,'5','5','C','6'),(1874,'5','5','D','6'),(1875,'5','5','E','6'),(1876,'5','6','A','6'),(1877,'5','6','B','6'),(1878,'5','6','C','6'),(1879,'5','6','D','6'),(1880,'5','6','E','6'),(1881,'5','7','A','6'),(1882,'5','7','B','6'),(1883,'5','7','C','6'),(1884,'5','7','D','6'),(1885,'5','7','E','6'),(1886,'5','8','A','6'),(1887,'5','8','B','6'),(1888,'5','8','C','6'),(1889,'5','8','D','6'),(1890,'5','8','E','6'),(1891,'5','9','A','6'),(1892,'5','9','B','6'),(1893,'5','9','C','6'),(1894,'5','9','D','6'),(1895,'5','9','E','6'),(1896,'5','10','A','6'),(1897,'5','10','B','6'),(1898,'5','10','C','6'),(1899,'5','10','D','6'),(1900,'5','10','E','6'),(1901,'5','1','A','7'),(1902,'5','1','B','7'),(1903,'5','1','C','7'),(1904,'5','1','D','7'),(1905,'5','1','E','7'),(1906,'5','2','A','7'),(1907,'5','2','B','7'),(1908,'5','2','C','7'),(1909,'5','2','D','7'),(1910,'5','2','E','7'),(1911,'5','3','A','7'),(1912,'5','3','B','7'),(1913,'5','3','C','7'),(1914,'5','3','D','7'),(1915,'5','3','E','7'),(1916,'5','4','A','7'),(1917,'5','4','B','7'),(1918,'5','4','C','7'),(1919,'5','4','D','7'),(1920,'5','4','E','7'),(1921,'5','5','A','7'),(1922,'5','5','B','7'),(1923,'5','5','C','7'),(1924,'5','5','D','7'),(1925,'5','5','E','7'),(1926,'5','6','A','7'),(1927,'5','6','B','7'),(1928,'5','6','C','7'),(1929,'5','6','D','7'),(1930,'5','6','E','7'),(1931,'5','7','A','7'),(1932,'5','7','B','7'),(1933,'5','7','C','7'),(1934,'5','7','D','7'),(1935,'5','7','E','7'),(1936,'5','8','A','7'),(1937,'5','8','B','7'),(1938,'5','8','C','7'),(1939,'5','8','D','7'),(1940,'5','8','E','7'),(1941,'5','9','A','7'),(1942,'5','9','B','7'),(1943,'5','9','C','7'),(1944,'5','9','D','7'),(1945,'5','9','E','7'),(1946,'5','10','A','7'),(1947,'5','10','B','7'),(1948,'5','10','C','7'),(1949,'5','10','D','7'),(1950,'5','10','E','7'),(1951,'5','1','A','8'),(1952,'5','1','B','8'),(1953,'5','1','C','8'),(1954,'5','1','D','8'),(1955,'5','1','E','8'),(1956,'5','2','A','8'),(1957,'5','2','B','8'),(1958,'5','2','C','8'),(1959,'5','2','D','8'),(1960,'5','2','E','8'),(1961,'5','3','A','8'),(1962,'5','3','B','8'),(1963,'5','3','C','8'),(1964,'5','3','D','8'),(1965,'5','3','E','8'),(1966,'5','4','A','8'),(1967,'5','4','B','8'),(1968,'5','4','C','8'),(1969,'5','4','D','8'),(1970,'5','4','E','8'),(1971,'5','5','A','8'),(1972,'5','5','B','8'),(1973,'5','5','C','8'),(1974,'5','5','D','8'),(1975,'5','5','E','8'),(1976,'5','6','A','8'),(1977,'5','6','B','8'),(1978,'5','6','C','8'),(1979,'5','6','D','8'),(1980,'5','6','E','8'),(1981,'5','7','A','8'),(1982,'5','7','B','8'),(1983,'5','7','C','8'),(1984,'5','7','D','8'),(1985,'5','7','E','8'),(1986,'5','8','A','8'),(1987,'5','8','B','8'),(1988,'5','8','C','8'),(1989,'5','8','D','8'),(1990,'5','8','E','8'),(1991,'5','9','A','8'),(1992,'5','9','B','8'),(1993,'5','9','C','8'),(1994,'5','9','D','8'),(1995,'5','9','E','8'),(1996,'5','10','A','8'),(1997,'5','10','B','8'),(1998,'5','10','C','8'),(1999,'5','10','D','8'),(2000,'5','10','E','8'),(2001,'6','1','A','1'),(2002,'6','1','B','1'),(2003,'6','1','C','1'),(2004,'6','1','D','1'),(2005,'6','1','E','1'),(2006,'6','2','A','1'),(2007,'6','2','B','1'),(2008,'6','2','C','1'),(2009,'6','2','D','1'),(2010,'6','2','E','1'),(2011,'6','3','A','1'),(2012,'6','3','B','1'),(2013,'6','3','C','1'),(2014,'6','3','D','1'),(2015,'6','3','E','1'),(2016,'6','4','A','1'),(2017,'6','4','B','1'),(2018,'6','4','C','1'),(2019,'6','4','D','1'),(2020,'6','4','E','1'),(2021,'6','5','A','1'),(2022,'6','5','B','1'),(2023,'6','5','C','1'),(2024,'6','5','D','1'),(2025,'6','5','E','1'),(2026,'6','6','A','1'),(2027,'6','6','B','1'),(2028,'6','6','C','1'),(2029,'6','6','D','1'),(2030,'6','6','E','1'),(2031,'6','7','A','1'),(2032,'6','7','B','1'),(2033,'6','7','C','1'),(2034,'6','7','D','1'),(2035,'6','7','E','1'),(2036,'6','8','A','1'),(2037,'6','8','B','1'),(2038,'6','8','C','1'),(2039,'6','8','D','1'),(2040,'6','8','E','1'),(2041,'6','9','A','1'),(2042,'6','9','B','1'),(2043,'6','9','C','1'),(2044,'6','9','D','1'),(2045,'6','9','E','1'),(2046,'6','10','A','1'),(2047,'6','10','B','1'),(2048,'6','10','C','1'),(2049,'6','10','D','1'),(2050,'6','10','E','1'),(2051,'6','1','A','2'),(2052,'6','1','B','2'),(2053,'6','1','C','2'),(2054,'6','1','D','2'),(2055,'6','1','E','2'),(2056,'6','2','A','2'),(2057,'6','2','B','2'),(2058,'6','2','C','2'),(2059,'6','2','D','2'),(2060,'6','2','E','2'),(2061,'6','3','A','2'),(2062,'6','3','B','2'),(2063,'6','3','C','2'),(2064,'6','3','D','2'),(2065,'6','3','E','2'),(2066,'6','4','A','2'),(2067,'6','4','B','2'),(2068,'6','4','C','2'),(2069,'6','4','D','2'),(2070,'6','4','E','2'),(2071,'6','5','A','2'),(2072,'6','5','B','2'),(2073,'6','5','C','2'),(2074,'6','5','D','2'),(2075,'6','5','E','2'),(2076,'6','6','A','2'),(2077,'6','6','B','2'),(2078,'6','6','C','2'),(2079,'6','6','D','2'),(2080,'6','6','E','2'),(2081,'6','7','A','2'),(2082,'6','7','B','2'),(2083,'6','7','C','2'),(2084,'6','7','D','2'),(2085,'6','7','E','2'),(2086,'6','8','A','2'),(2087,'6','8','B','2'),(2088,'6','8','C','2'),(2089,'6','8','D','2'),(2090,'6','8','E','2'),(2091,'6','9','A','2'),(2092,'6','9','B','2'),(2093,'6','9','C','2'),(2094,'6','9','D','2'),(2095,'6','9','E','2'),(2096,'6','10','A','2'),(2097,'6','10','B','2'),(2098,'6','10','C','2'),(2099,'6','10','D','2'),(2100,'6','10','E','2'),(2101,'6','1','A','3'),(2102,'6','1','B','3'),(2103,'6','1','C','3'),(2104,'6','1','D','3'),(2105,'6','1','E','3'),(2106,'6','2','A','3'),(2107,'6','2','B','3'),(2108,'6','2','C','3'),(2109,'6','2','D','3'),(2110,'6','2','E','3'),(2111,'6','3','A','3'),(2112,'6','3','B','3'),(2113,'6','3','C','3'),(2114,'6','3','D','3'),(2115,'6','3','E','3'),(2116,'6','4','A','3'),(2117,'6','4','B','3'),(2118,'6','4','C','3'),(2119,'6','4','D','3'),(2120,'6','4','E','3'),(2121,'6','5','A','3'),(2122,'6','5','B','3'),(2123,'6','5','C','3'),(2124,'6','5','D','3'),(2125,'6','5','E','3'),(2126,'6','6','A','3'),(2127,'6','6','B','3'),(2128,'6','6','C','3'),(2129,'6','6','D','3'),(2130,'6','6','E','3'),(2131,'6','7','A','3'),(2132,'6','7','B','3'),(2133,'6','7','C','3'),(2134,'6','7','D','3'),(2135,'6','7','E','3'),(2136,'6','8','A','3'),(2137,'6','8','B','3'),(2138,'6','8','C','3'),(2139,'6','8','D','3'),(2140,'6','8','E','3'),(2141,'6','9','A','3'),(2142,'6','9','B','3'),(2143,'6','9','C','3'),(2144,'6','9','D','3'),(2145,'6','9','E','3'),(2146,'6','10','A','3'),(2147,'6','10','B','3'),(2148,'6','10','C','3'),(2149,'6','10','D','3'),(2150,'6','10','E','3'),(2151,'6','1','A','4'),(2152,'6','1','B','4'),(2153,'6','1','C','4'),(2154,'6','1','D','4'),(2155,'6','1','E','4'),(2156,'6','2','A','4'),(2157,'6','2','B','4'),(2158,'6','2','C','4'),(2159,'6','2','D','4'),(2160,'6','2','E','4'),(2161,'6','3','A','4'),(2162,'6','3','B','4'),(2163,'6','3','C','4'),(2164,'6','3','D','4'),(2165,'6','3','E','4'),(2166,'6','4','A','4'),(2167,'6','4','B','4'),(2168,'6','4','C','4'),(2169,'6','4','D','4'),(2170,'6','4','E','4'),(2171,'6','5','A','4'),(2172,'6','5','B','4'),(2173,'6','5','C','4'),(2174,'6','5','D','4'),(2175,'6','5','E','4'),(2176,'6','6','A','4'),(2177,'6','6','B','4'),(2178,'6','6','C','4'),(2179,'6','6','D','4'),(2180,'6','6','E','4'),(2181,'6','7','A','4'),(2182,'6','7','B','4'),(2183,'6','7','C','4'),(2184,'6','7','D','4'),(2185,'6','7','E','4'),(2186,'6','8','A','4'),(2187,'6','8','B','4'),(2188,'6','8','C','4'),(2189,'6','8','D','4'),(2190,'6','8','E','4'),(2191,'6','9','A','4'),(2192,'6','9','B','4'),(2193,'6','9','C','4'),(2194,'6','9','D','4'),(2195,'6','9','E','4'),(2196,'6','10','A','4'),(2197,'6','10','B','4'),(2198,'6','10','C','4'),(2199,'6','10','D','4'),(2200,'6','10','E','4'),(2201,'6','1','A','5'),(2202,'6','1','B','5'),(2203,'6','1','C','5'),(2204,'6','1','D','5'),(2205,'6','1','E','5'),(2206,'6','2','A','5'),(2207,'6','2','B','5'),(2208,'6','2','C','5'),(2209,'6','2','D','5'),(2210,'6','2','E','5'),(2211,'6','3','A','5'),(2212,'6','3','B','5'),(2213,'6','3','C','5'),(2214,'6','3','D','5'),(2215,'6','3','E','5'),(2216,'6','4','A','5'),(2217,'6','4','B','5'),(2218,'6','4','C','5'),(2219,'6','4','D','5'),(2220,'6','4','E','5'),(2221,'6','5','A','5'),(2222,'6','5','B','5'),(2223,'6','5','C','5'),(2224,'6','5','D','5'),(2225,'6','5','E','5'),(2226,'6','6','A','5'),(2227,'6','6','B','5'),(2228,'6','6','C','5'),(2229,'6','6','D','5'),(2230,'6','6','E','5'),(2231,'6','7','A','5'),(2232,'6','7','B','5'),(2233,'6','7','C','5'),(2234,'6','7','D','5'),(2235,'6','7','E','5'),(2236,'6','8','A','5'),(2237,'6','8','B','5'),(2238,'6','8','C','5'),(2239,'6','8','D','5'),(2240,'6','8','E','5'),(2241,'6','9','A','5'),(2242,'6','9','B','5'),(2243,'6','9','C','5'),(2244,'6','9','D','5'),(2245,'6','9','E','5'),(2246,'6','10','A','5'),(2247,'6','10','B','5'),(2248,'6','10','C','5'),(2249,'6','10','D','5'),(2250,'6','10','E','5'),(2251,'6','1','A','6'),(2252,'6','1','B','6'),(2253,'6','1','C','6'),(2254,'6','1','D','6'),(2255,'6','1','E','6'),(2256,'6','2','A','6'),(2257,'6','2','B','6'),(2258,'6','2','C','6'),(2259,'6','2','D','6'),(2260,'6','2','E','6'),(2261,'6','3','A','6'),(2262,'6','3','B','6'),(2263,'6','3','C','6'),(2264,'6','3','D','6'),(2265,'6','3','E','6'),(2266,'6','4','A','6'),(2267,'6','4','B','6'),(2268,'6','4','C','6'),(2269,'6','4','D','6'),(2270,'6','4','E','6'),(2271,'6','5','A','6'),(2272,'6','5','B','6'),(2273,'6','5','C','6'),(2274,'6','5','D','6'),(2275,'6','5','E','6'),(2276,'6','6','A','6'),(2277,'6','6','B','6'),(2278,'6','6','C','6'),(2279,'6','6','D','6'),(2280,'6','6','E','6'),(2281,'6','7','A','6'),(2282,'6','7','B','6'),(2283,'6','7','C','6'),(2284,'6','7','D','6'),(2285,'6','7','E','6'),(2286,'6','8','A','6'),(2287,'6','8','B','6'),(2288,'6','8','C','6'),(2289,'6','8','D','6'),(2290,'6','8','E','6'),(2291,'6','9','A','6'),(2292,'6','9','B','6'),(2293,'6','9','C','6'),(2294,'6','9','D','6'),(2295,'6','9','E','6'),(2296,'6','10','A','6'),(2297,'6','10','B','6'),(2298,'6','10','C','6'),(2299,'6','10','D','6'),(2300,'6','10','E','6'),(2301,'6','1','A','7'),(2302,'6','1','B','7'),(2303,'6','1','C','7'),(2304,'6','1','D','7'),(2305,'6','1','E','7'),(2306,'6','2','A','7'),(2307,'6','2','B','7'),(2308,'6','2','C','7'),(2309,'6','2','D','7'),(2310,'6','2','E','7'),(2311,'6','3','A','7'),(2312,'6','3','B','7'),(2313,'6','3','C','7'),(2314,'6','3','D','7'),(2315,'6','3','E','7'),(2316,'6','4','A','7'),(2317,'6','4','B','7'),(2318,'6','4','C','7'),(2319,'6','4','D','7'),(2320,'6','4','E','7'),(2321,'6','5','A','7'),(2322,'6','5','B','7'),(2323,'6','5','C','7'),(2324,'6','5','D','7'),(2325,'6','5','E','7'),(2326,'6','6','A','7'),(2327,'6','6','B','7'),(2328,'6','6','C','7'),(2329,'6','6','D','7'),(2330,'6','6','E','7'),(2331,'6','7','A','7'),(2332,'6','7','B','7'),(2333,'6','7','C','7'),(2334,'6','7','D','7'),(2335,'6','7','E','7'),(2336,'6','8','A','7'),(2337,'6','8','B','7'),(2338,'6','8','C','7'),(2339,'6','8','D','7'),(2340,'6','8','E','7'),(2341,'6','9','A','7'),(2342,'6','9','B','7'),(2343,'6','9','C','7'),(2344,'6','9','D','7'),(2345,'6','9','E','7'),(2346,'6','10','A','7'),(2347,'6','10','B','7'),(2348,'6','10','C','7'),(2349,'6','10','D','7'),(2350,'6','10','E','7'),(2351,'6','1','A','8'),(2352,'6','1','B','8'),(2353,'6','1','C','8'),(2354,'6','1','D','8'),(2355,'6','1','E','8'),(2356,'6','2','A','8'),(2357,'6','2','B','8'),(2358,'6','2','C','8'),(2359,'6','2','D','8'),(2360,'6','2','E','8'),(2361,'6','3','A','8'),(2362,'6','3','B','8'),(2363,'6','3','C','8'),(2364,'6','3','D','8'),(2365,'6','3','E','8'),(2366,'6','4','A','8'),(2367,'6','4','B','8'),(2368,'6','4','C','8'),(2369,'6','4','D','8'),(2370,'6','4','E','8'),(2371,'6','5','A','8'),(2372,'6','5','B','8'),(2373,'6','5','C','8'),(2374,'6','5','D','8'),(2375,'6','5','E','8'),(2376,'6','6','A','8'),(2377,'6','6','B','8'),(2378,'6','6','C','8'),(2379,'6','6','D','8'),(2380,'6','6','E','8'),(2381,'6','7','A','8'),(2382,'6','7','B','8'),(2383,'6','7','C','8'),(2384,'6','7','D','8'),(2385,'6','7','E','8'),(2386,'6','8','A','8'),(2387,'6','8','B','8'),(2388,'6','8','C','8'),(2389,'6','8','D','8'),(2390,'6','8','E','8'),(2391,'6','9','A','8'),(2392,'6','9','B','8'),(2393,'6','9','C','8'),(2394,'6','9','D','8'),(2395,'6','9','E','8'),(2396,'6','10','A','8'),(2397,'6','10','B','8'),(2398,'6','10','C','8'),(2399,'6','10','D','8'),(2400,'6','10','E','8');
/*!40000 ALTER TABLE `BINS` ENABLE KEYS */;
UNLOCK TABLES;

--
-- Table structure for table `CAMPUS`
--

DROP TABLE IF EXISTS `CAMPUS`;
/*!40101 SET @saved_cs_client     = @@character_set_client */;
/*!40101 SET character_set_client = utf8 */;
CREATE TABLE `CAMPUS` (
  `ID` int(11) NOT NULL,
  `DESCRIPTION` varchar(80) NOT NULL,
  PRIMARY KEY (`ID`)
) ENGINE=InnoDB DEFAULT CHARSET=latin1;
/*!40101 SET character_set_client = @saved_cs_client */;

--
-- Dumping data for table `CAMPUS`
--

LOCK TABLES `CAMPUS` WRITE;
/*!40000 ALTER TABLE `CAMPUS` DISABLE KEYS */;
INSERT INTO `CAMPUS` VALUES (26,'Plant 1 Complex'),(55,'Enterprise East Complex'),(57,'North American Headquarters'),(99,'Corporate Headquarters');
/*!40000 ALTER TABLE `CAMPUS` ENABLE KEYS */;
UNLOCK TABLES;

--
-- Table structure for table `DEPARTMENTS`
--

DROP TABLE IF EXISTS `DEPARTMENTS`;
/*!40101 SET @saved_cs_client     = @@character_set_client */;
/*!40101 SET character_set_client = utf8 */;
CREATE TABLE `DEPARTMENTS` (
  `CAMPUS` int(11) NOT NULL,
  `DEPARTMENTS` int(11) NOT NULL,
  `DESCRIPTION` varchar(53) NOT NULL,
  PRIMARY KEY (`CAMPUS`,`DEPARTMENTS`),
  CONSTRAINT `DEPARTMENTS_FK` FOREIGN KEY (`CAMPUS`) REFERENCES `CAMPUS` (`ID`)
) ENGINE=InnoDB DEFAULT CHARSET=latin1;
/*!40101 SET character_set_client = @saved_cs_client */;

--
-- Dumping data for table `DEPARTMENTS`
--

LOCK TABLES `DEPARTMENTS` WRITE;
/*!40000 ALTER TABLE `DEPARTMENTS` DISABLE KEYS */;
INSERT INTO `DEPARTMENTS` VALUES (26,195,'Manufacturing - Building 17'),(26,205,'Manufacturing - Building 30'),(26,451,'Manufacturing - SeaTac Development Center'),(55,0,'Fuck It Bucket'),(55,304,'Information Services - Systems'),(55,311,'E&D - Platform Testing Center'),(55,360,'E&D - Fabrication'),(55,364,'Marketting and Public Relations'),(55,370,'Shipping, Processing and Delivery'),(55,378,'Critical Services Response Team'),(55,402,'Quality Control'),(55,459,'Human Resources / Payroll'),(55,793,'Environmental Services'),(55,800,'Manufacturing - Building 22'),(55,801,'Manufacturing - Building 151'),(55,802,'Manufacturing - Building 23'),(55,835,'Information Services - Telecommunications'),(55,850,'Engineering Support'),(55,901,'Financial Services'),(55,903,'Information Services  - Network and Infrastructure'),(55,906,'Information Services - Systems and Project Management'),(55,948,'Central Business Office'),(57,710,'Sales - Northwestern United States'),(57,711,'Sales - Southwestern United States'),(57,712,'Sales - Southeastern United States'),(57,713,'Sales - Northeastern Unites States'),(57,714,'Sales - International'),(57,715,'Sales - Government'),(99,215,'Board of Directors'),(99,220,'Executive Directors');
/*!40000 ALTER TABLE `DEPARTMENTS` ENABLE KEYS */;
UNLOCK TABLES;

--
-- Table structure for table `ITEMS`
--

DROP TABLE IF EXISTS `ITEMS`;
/*!40101 SET @saved_cs_client     = @@character_set_client */;
/*!40101 SET character_set_client = utf8 */;
CREATE TABLE `ITEMS` (
  `ID` varchar(100) NOT NULL,
  `DESCRIPTION` varchar(100) NOT NULL,
  `PACKAGE` int(11) NOT NULL,
  `UNIT_COST` double NOT NULL,
  `MANUFACTURER` int(11) NOT NULL,
  PRIMARY KEY (`ID`),
  KEY `ITEMS_FK` (`MANUFACTURER`),
  KEY `ITEMS_FK_2` (`PACKAGE`),
  CONSTRAINT `ITEMS_FK` FOREIGN KEY (`MANUFACTURER`) REFERENCES `MANUFACTURERS` (`ID`),
  CONSTRAINT `ITEMS_FK_2` FOREIGN KEY (`PACKAGE`) REFERENCES `UNITS` (`ID`)
) ENGINE=InnoDB DEFAULT CHARSET=latin1;
/*!40101 SET character_set_client = @saved_cs_client */;

--
-- Dumping data for table `ITEMS`
--

LOCK TABLES `ITEMS` WRITE;
/*!40000 ALTER TABLE `ITEMS` DISABLE KEYS */;
INSERT INTO `ITEMS` VALUES ('00041333535487','Duracell Batteries - AAA',2,19.99,7),('017229146143','DA70 USB to QC Headset Adapter',1,67.95,5),('037332158093','USB 3.0 Extension Cable',1,9.99,4),('037332160911','HDMI Cable, 3ft',1,8.99,4),('037332195548','Faceplate, Dual Keystones',1,1.99,4),('037332195739','HDMI F/F Keystone Coupler',1,1.99,4),('048400000107','Crystal Hotsauce - 12oz',1,6.99,10),('190199370340','USB-C to Lightning Cable, 1m',1,29.99,3),('194252156940','USB-C Charger, 20W',1,24.99,3),('37332100108','Power Strip, 6 Outlets - 15ft',1,69.99,4),('638060080009','M33 Electrical Tape - Black',1,4.98,8),('810044883718','GFuel, Maiden\'s Blood - STD',1,35.99,6),('810044883725','GFuel, Maiden\'s Blood - EXT',1,49.99,6),('811534023096','MIIR Coffee Cup',1,1,1),('BUFFALO','Buffalo - Bulk, Raw',1,800,1),('CA46233-1164/10602114240','SSD, M.2 - 256GB',1,52.99,2),('CN M471A1K43CB1-CRC 1827','DDR4 RAM - 8GB',1,47.99,1),('MM1-A','Nuclear Reactor, Medium 2500KW',1,9000,9),('VX1','VM - Samsung Sam Virtual Assistant',1,14000,1),('VX2','VM - Amouranth Virtual Assistant',1,14000,11);
/*!40000 ALTER TABLE `ITEMS` ENABLE KEYS */;
UNLOCK TABLES;

--
-- Table structure for table `ITEM_BINS_LINK`
--

DROP TABLE IF EXISTS `ITEM_BINS_LINK`;
/*!40101 SET @saved_cs_client     = @@character_set_client */;
/*!40101 SET character_set_client = utf8 */;
CREATE TABLE `ITEM_BINS_LINK` (
  `ITEM_SKU` varchar(100) NOT NULL,
  `BIN_ID` int(11) NOT NULL,
  `QTY` int(11) NOT NULL,
  KEY `ITEM_BINS_LINK_FK` (`ITEM_SKU`),
  KEY `ITEM_BINS_LINK_FK_1` (`BIN_ID`),
  CONSTRAINT `ITEM_BINS_LINK_FK` FOREIGN KEY (`ITEM_SKU`) REFERENCES `ITEMS` (`ID`),
  CONSTRAINT `ITEM_BINS_LINK_FK_1` FOREIGN KEY (`BIN_ID`) REFERENCES `BINS` (`BIN_ID`)
) ENGINE=InnoDB DEFAULT CHARSET=latin1;
/*!40101 SET character_set_client = @saved_cs_client */;

--
-- Dumping data for table `ITEM_BINS_LINK`
--

LOCK TABLES `ITEM_BINS_LINK` WRITE;
/*!40000 ALTER TABLE `ITEM_BINS_LINK` DISABLE KEYS */;
INSERT INTO `ITEM_BINS_LINK` VALUES ('CN M471A1K43CB1-CRC 1827',2,1000),('810044883718',3,100),('037332160911',4,2),('00041333535487',5,16),('190199370340',6,22),('194252156940',7,64),('CA46233-1164/10602114240',8,3),('037332195548',9,6),('037332195739',10,59),('037332158093',12,13),('810044883725',13,2),('MM1-A',99,32),('048400000107',100,51),('BUFFALO',851,10),('811534023096',653,1),('017229146143',11,14),('VX1',123,2),('VX2',666,2),('37332100108',432,10),('638060080009',223,5);
/*!40000 ALTER TABLE `ITEM_BINS_LINK` ENABLE KEYS */;
UNLOCK TABLES;

--
-- Table structure for table `MANUFACTURERS`
--

DROP TABLE IF EXISTS `MANUFACTURERS`;
/*!40101 SET @saved_cs_client     = @@character_set_client */;
/*!40101 SET character_set_client = utf8 */;
CREATE TABLE `MANUFACTURERS` (
  `ID` int(11) NOT NULL,
  `VENDOR_NAME` varchar(40) NOT NULL,
  PRIMARY KEY (`ID`)
) ENGINE=InnoDB DEFAULT CHARSET=latin1;
/*!40101 SET character_set_client = @saved_cs_client */;

--
-- Dumping data for table `MANUFACTURERS`
--

LOCK TABLES `MANUFACTURERS` WRITE;
/*!40000 ALTER TABLE `MANUFACTURERS` DISABLE KEYS */;
INSERT INTO `MANUFACTURERS` VALUES (1,'SAMSUNG'),(2,'SK HYNIX'),(3,'APPLE'),(4,'TRIPP-LITE'),(5,'POLY'),(6,'GFuel'),(7,'Duracell'),(8,'Scotch'),(9,'COMBUSTION ENGINEERING'),(10,'Baumer Foods'),(11,'TWITCH');
/*!40000 ALTER TABLE `MANUFACTURERS` ENABLE KEYS */;
UNLOCK TABLES;

--
-- Table structure for table `REQUISITIONS`
--

DROP TABLE IF EXISTS `REQUISITIONS`;
/*!40101 SET @saved_cs_client     = @@character_set_client */;
/*!40101 SET character_set_client = utf8 */;
CREATE TABLE `REQUISITIONS` (
  `ID` int(11) NOT NULL,
  `REQUESTING_USER` int(11) NOT NULL,
  `APPROVING_USER` int(11) DEFAULT NULL,
  `DELIVERY_DEPARTMENT` int(11) DEFAULT NULL,
  `DATE_ENTERED` datetime NOT NULL,
  `DATE_APPROVED` datetime DEFAULT NULL,
  `DATE_COMPLETED` datetime DEFAULT NULL,
  `STATUS` int(11) NOT NULL,
  `PICKED_USER` int(11) DEFAULT NULL,
  `NOTES` varchar(100) DEFAULT NULL,
  PRIMARY KEY (`ID`),
  KEY `Requisitions_FK` (`REQUESTING_USER`),
  KEY `Requisitions_FK_3` (`DELIVERY_DEPARTMENT`),
  KEY `Requisitions_FK_1` (`APPROVING_USER`),
  KEY `Requisitions_FK_2` (`PICKED_USER`),
  KEY `REQUISITIONS_STATUS-FK` (`STATUS`),
  CONSTRAINT `REQUISITIONS_STATUS-FK` FOREIGN KEY (`STATUS`) REFERENCES `REQUISITION_STATUS` (`ID`),
  CONSTRAINT `Requisitions_FK` FOREIGN KEY (`REQUESTING_USER`) REFERENCES `USERS` (`EMP_ID`),
  CONSTRAINT `Requisitions_FK_1` FOREIGN KEY (`APPROVING_USER`) REFERENCES `USERS` (`EMP_ID`),
  CONSTRAINT `Requisitions_FK_2` FOREIGN KEY (`PICKED_USER`) REFERENCES `USERS` (`EMP_ID`)
) ENGINE=InnoDB DEFAULT CHARSET=latin1;
/*!40101 SET character_set_client = @saved_cs_client */;

--
-- Dumping data for table `REQUISITIONS`
--

LOCK TABLES `REQUISITIONS` WRITE;
/*!40000 ALTER TABLE `REQUISITIONS` DISABLE KEYS */;
INSERT INTO `REQUISITIONS` VALUES (100002,1002143,9026282,906,'2021-11-07 00:00:00','2021-12-10 21:39:04',NULL,3,NULL,'DBeaver Emergency Request'),(100003,1007110,NULL,903,'2021-11-07 00:00:00',NULL,NULL,1,NULL,'In Amber Clad'),(100004,1001987,NULL,800,'2021-11-07 00:00:00',NULL,NULL,1,NULL,'One night in Tokyo'),(100009,9083499,NULL,710,'2021-12-09 15:03:23',NULL,NULL,1,NULL,NULL),(100012,9083499,NULL,220,'2021-12-09 15:05:34',NULL,NULL,1,NULL,'FIB Check'),(100013,9083499,NULL,205,'2021-12-09 15:18:34',NULL,NULL,1,NULL,NULL),(100014,9083499,NULL,378,'2021-12-09 15:35:35',NULL,NULL,1,NULL,NULL),(100015,9083499,NULL,800,'2021-12-10 21:30:59',NULL,NULL,1,NULL,NULL),(100016,9083499,NULL,NULL,'2021-12-10 21:33:08',NULL,NULL,1,NULL,NULL);
/*!40000 ALTER TABLE `REQUISITIONS` ENABLE KEYS */;
UNLOCK TABLES;

--
-- Table structure for table `REQUISITION_LINES`
--

DROP TABLE IF EXISTS `REQUISITION_LINES`;
/*!40101 SET @saved_cs_client     = @@character_set_client */;
/*!40101 SET character_set_client = utf8 */;
CREATE TABLE `REQUISITION_LINES` (
  `ID` int(11) NOT NULL AUTO_INCREMENT,
  `REQUISITION_NUMBER` int(11) NOT NULL,
  `ITEM_SKU` varchar(100) NOT NULL,
  `QTY` int(11) NOT NULL,
  `BIN_ID` int(11) NOT NULL,
  `UNIT_COST` float NOT NULL,
  `LINE_COST` float NOT NULL,
  `PICK_STAT` tinyint(1) DEFAULT NULL,
  PRIMARY KEY (`ID`),
  KEY `Requisitions_Lines_FK` (`REQUISITION_NUMBER`),
  KEY `Requisitions_Lines_FK_1` (`ITEM_SKU`),
  KEY `Requisitions_Lines_FK_2` (`BIN_ID`),
  CONSTRAINT `REQUISITION_LINES_FK` FOREIGN KEY (`ITEM_SKU`) REFERENCES `ITEMS` (`ID`),
  CONSTRAINT `Requisitions_Lines_FK` FOREIGN KEY (`REQUISITION_NUMBER`) REFERENCES `REQUISITIONS` (`ID`),
  CONSTRAINT `Requisitions_Lines_FK_2` FOREIGN KEY (`BIN_ID`) REFERENCES `BINS` (`BIN_ID`)
) ENGINE=InnoDB AUTO_INCREMENT=10000080 DEFAULT CHARSET=latin1;
/*!40101 SET character_set_client = @saved_cs_client */;

--
-- Dumping data for table `REQUISITION_LINES`
--

LOCK TABLES `REQUISITION_LINES` WRITE;
/*!40000 ALTER TABLE `REQUISITION_LINES` DISABLE KEYS */;
INSERT INTO `REQUISITION_LINES` VALUES (1000003,100002,'037332160911',25,4,8.99,224.75,0),(1000004,100002,'00041333535487',2,5,19.99,39.98,0),(1000005,100002,'190199370340',7,6,29.99,209.93,0),(1000006,100003,'194252156940',15,7,24.99,374.85,1),(1000007,100004,'CA46233-1164/10602114240',5,8,52.99,264.95,0),(1000008,100004,'037332195548',2,9,1.99,3.98,0),(1000009,100004,'037332195739',1,10,1.99,1.99,0),(1000010,100004,'CN M471A1K43CB1-CRC 1827',3,11,47.99,143.97,0),(1000011,100004,'037332158093',11,12,9.99,109.89,0),(1000012,100004,'810044883725',4,13,52.99,211.96,0),(10000018,100004,'MM1-A',2,99,20,40,0),(10000028,100004,'00041333535487',10,5,19.99,190,0),(10000034,100004,'811534023096',2,653,1,2,0),(10000035,100009,'037332160911',12,4,8.99,96,0),(10000036,100009,'00041333535487',3,5,19.99,57,0),(10000038,100012,'810044883718',10,3,35.99,350,0),(10000039,100012,'BUFFALO',5,851,800,4000,0),(10000040,100013,'00041333535487',10,5,19.99,190,0),(10000041,100014,'00041333535487',1,5,19.99,19,0),(10000078,100015,'CN M471A1K43CB1-CRC 1827',2,2,47.99,94,0),(10000079,100015,'VX1',1,123,14000,14000,0);
/*!40000 ALTER TABLE `REQUISITION_LINES` ENABLE KEYS */;
UNLOCK TABLES;

--
-- Table structure for table `REQUISITION_STATUS`
--

DROP TABLE IF EXISTS `REQUISITION_STATUS`;
/*!40101 SET @saved_cs_client     = @@character_set_client */;
/*!40101 SET character_set_client = utf8 */;
CREATE TABLE `REQUISITION_STATUS` (
  `ID` int(11) NOT NULL,
  `DESCRIPTION` varchar(100) NOT NULL,
  PRIMARY KEY (`ID`)
) ENGINE=InnoDB DEFAULT CHARSET=utf8mb4;
/*!40101 SET character_set_client = @saved_cs_client */;

--
-- Dumping data for table `REQUISITION_STATUS`
--

LOCK TABLES `REQUISITION_STATUS` WRITE;
/*!40000 ALTER TABLE `REQUISITION_STATUS` DISABLE KEYS */;
INSERT INTO `REQUISITION_STATUS` VALUES (1,'Abandoned'),(2,'Awaiting Approval'),(3,'Pending - Approved'),(4,'Items Pulled'),(5,'Completed'),(9,'Cancelled');
/*!40000 ALTER TABLE `REQUISITION_STATUS` ENABLE KEYS */;
UNLOCK TABLES;

--
-- Table structure for table `UNITS`
--

DROP TABLE IF EXISTS `UNITS`;
/*!40101 SET @saved_cs_client     = @@character_set_client */;
/*!40101 SET character_set_client = utf8 */;
CREATE TABLE `UNITS` (
  `ID` int(11) NOT NULL,
  `DELIVERY_UNIT` varchar(20) NOT NULL,
  PRIMARY KEY (`ID`)
) ENGINE=InnoDB DEFAULT CHARSET=latin1;
/*!40101 SET character_set_client = @saved_cs_client */;

--
-- Dumping data for table `UNITS`
--

LOCK TABLES `UNITS` WRITE;
/*!40000 ALTER TABLE `UNITS` DISABLE KEYS */;
INSERT INTO `UNITS` VALUES (1,'EA'),(2,'BOX'),(3,'CASE');
/*!40000 ALTER TABLE `UNITS` ENABLE KEYS */;
UNLOCK TABLES;

--
-- Table structure for table `USERS`
--

DROP TABLE IF EXISTS `USERS`;
/*!40101 SET @saved_cs_client     = @@character_set_client */;
/*!40101 SET character_set_client = utf8 */;
CREATE TABLE `USERS` (
  `EMP_ID` int(11) NOT NULL,
  `LAST_NAME` varchar(100) NOT NULL,
  `FIRST_NAME` varchar(100) NOT NULL,
  `APPROVAL_LIMIT` int(11) NOT NULL,
  `IMAGE_URL` varchar(100) DEFAULT NULL,
  `PWD_HASH` varchar(100) DEFAULT NULL,
  `ADMIN_FLAG` tinyint(1) NOT NULL,
  `MM_FLAG` tinyint(1) DEFAULT NULL,
  `HANDLE` varchar(100) NOT NULL,
  PRIMARY KEY (`EMP_ID`),
  KEY `Users_ApprovalGroups` (`APPROVAL_LIMIT`)
) ENGINE=InnoDB DEFAULT CHARSET=latin1;
/*!40101 SET character_set_client = @saved_cs_client */;

--
-- Dumping data for table `USERS`
--

LOCK TABLES `USERS` WRITE;
/*!40000 ALTER TABLE `USERS` DISABLE KEYS */;
INSERT INTO `USERS` VALUES (1000123,'PENIX','MARJORIE',0,'svr-iis/images/1000123.jpg','Materials',0,1,'MYPENIX'),(1000909,'LEYSSENS','CLAUDIO',0,'svr-iis/images/1000909.jpg','Upside',0,NULL,'CLEYSSENS'),(1001148,'DAVIS','LORI',10000,'svr-iis/images/1001148.jpg','Upside',0,NULL,'LDAVIS'),(1001313,'TAYLOR','TRACY',0,'svr-iis/images/1001313.jpg','Upside',0,NULL,'TTAYLOR'),(1001519,'HOOD','SCOTT',0,'svr-iis/images/1001519.jpg','Upside',0,NULL,'SHOOD'),(1001697,'BLALOCK','RETHA',0,'svr-iis/images/1001697.jpg','Upside',0,NULL,'RBLALOCK'),(1001788,'METCALF','ONNA',0,'svr-iis/images/1001788.jpg','Upside',0,NULL,'OMETCALF'),(1001987,'HIGDON','DONNA',0,'svr-iis/images/1001987.jpg','Upside',0,NULL,'DHIGDON'),(1002143,'FERGUSON','CATHY',0,'svr-iis/images/1002143.jpg','Upside',0,NULL,'CFERGUSON'),(1002550,'COLLIS','BRANDI',0,'svr-iis/images/1002550.jpg','Upside',0,NULL,'BCOLLIS'),(1002602,'THOMASON','CHENOA',0,'svr-iis/images/1002602.jpg','Upside',0,NULL,'CTHOMASON'),(1002950,'DEAN','VANESSA',0,'svr-iis/images/1002950.jpg','Upside',0,NULL,'VDEAN'),(1003185,'MARSH','LAURIE',0,'svr-iis/images/1003185.jpg','Upside',0,NULL,'LMARSH'),(1003537,'DAVIDSON','CARRIE',0,'svr-iis/images/1003537.jpg','Upside',0,NULL,'CDAVIDSON'),(1003566,'DAVENPORT','SUSAN',0,'svr-iis/images/1003566.jpg','Upside',0,NULL,'SDAVENPORT'),(1003644,'RAMAGE','SHANNA',0,'svr-iis/images/1003644.jpg','Upside',0,NULL,'SRAMAGE'),(1003834,'FAULKNOR','STACLYNN',0,'svr-iis/images/1003834.jpg','Upside',0,NULL,'SFAULKNOR'),(1003837,'EDWARDS','JOHNNY',0,'svr-iis/images/1003837.jpg','Upside',0,NULL,'JEDWARDS'),(1004127,'CONTRERAS','KARLA',0,'svr-iis/images/1004127.jpg','Upside',0,NULL,'KCONTRERAS'),(1004288,'FORRESTER','RANDLE',0,'svr-iis/images/1004288.jpg','Upside',0,NULL,'RFORESTER'),(1004421,'ARAIZA','ESTEBAN',0,'svr-iis/images/1004421.jpg','Upside',0,NULL,'EARAIZA'),(1004570,'KENEMER','LAUREN',0,'svr-iis/images/1004570.jpg','Upside',0,NULL,'LKENEMER'),(1004703,'PONCE-HERNANDEZ','MAYRA',0,'svr-iis/images/1004703.jpg','Upside',0,NULL,'MPONCE-HERNANDEZ'),(1004977,'TRUJILLO','ANDREA',0,'svr-iis/images/1004977.jpg','Upside',0,NULL,'ATRUJILLO'),(1005049,'PULLEN JR','WILLIAM',0,'svr-iis/images/1005049.jpg','Upside',0,NULL,'WPULLEN JR'),(1005052,'OREAR','CARMAN',0,'svr-iis/images/1005052.jpg','Upside',0,NULL,'COREAR'),(1005080,'BEAVERS','KARINA',0,'svr-iis/images/1005080.jpg','Upside',0,NULL,'KBEAVERS'),(1005109,'LETNER','BRITTANY',0,'svr-iis/images/1005109.jpg','Upside',0,NULL,'BLETNER'),(1005124,'HAYNES','KIMBERLY',0,'svr-iis/images/1005124.jpg','Upside',0,NULL,'KHAYNES'),(1005152,'DUNN','JESSICA',0,'svr-iis/images/1005152.jpg','Upside',0,NULL,'JDUNN'),(1005246,'ADAMS','SYDNEY',0,'svr-iis/images/1005246.jpg','Upside',0,NULL,'SADAMS'),(1005254,'CISNEROS OCHOA','MAYRA',10000,'svr-iis/images/1005254.jpg','Upside',0,NULL,'MCISNEROS OCHOA'),(1005453,'WHITFIELD','ALANNA',0,'svr-iis/images/1005453.jpg','Upside',0,NULL,'AWHITFIELD'),(1005608,'WATTS','AMANDA',0,'svr-iis/images/1005608.jpg','Upside',0,NULL,'AWATTS'),(1005651,'ROGERS','SARA',0,'svr-iis/images/1005651.jpg','Upside',0,NULL,'SROGERS'),(1005670,'WILSON','DEANN',100000,'svr-iis/images/1005670.jpg','Upside',0,NULL,'DWILSON'),(1005719,'FRAIRE','SIDNEY',0,'svr-iis/images/1005719.jpg','Upside',0,NULL,'SFRAIRE'),(1005777,'WITHERSPOON','RENA',0,'svr-iis/images/1005777.jpg','Upside',0,NULL,'RWITHERSPOON'),(1005893,'RODRIGUEZ','JUAN',0,'svr-iis/images/1005893.jpg','Upside',0,NULL,'JRODRIGUEZ'),(1005928,'MCGEE','LAURIE',0,'svr-iis/images/1005928.jpg','Upside',0,NULL,'LMCGEE'),(1006036,'TRUELOVE','JESSICA',0,'svr-iis/images/1006036.jpg','Upside',0,NULL,'JTRUELOVE'),(1006080,'CAIN','TRAVIS',0,'svr-iis/images/1006080.jpg','Upside',0,NULL,'TCAIN'),(1006127,'ANDREWS','LEWIS',0,'svr-iis/images/NoPhoto.jpg','Tangled',1,NULL,'LEANDREWS'),(1006187,'ODOM','BRYCE',0,'svr-iis/images/1006187.jpg','Upside',0,NULL,'BODOM'),(1006191,'HAYES','TAYLER',0,'svr-iis/images/1006191.jpg','Upside',0,NULL,'THAYES'),(1006198,'DE CHAVEZ','BERTHA',0,'svr-iis/images/1006198.jpg','Upside',0,NULL,'BDE CHAVEZ'),(1006230,'FAULKNOR','ALEXIS',0,'svr-iis/images/1006230.jpg','Upside',0,NULL,'AFAULKNOR'),(1006259,'DESAI','MAHESHKUMAR',0,'svr-iis/images/1006259.jpg','Upside',0,NULL,'MDESAI'),(1006262,'DAVIS','JESSI',0,'svr-iis/images/1006262.jpg','Upside',0,NULL,'JDAVIS'),(1006281,'HARDEN','GWENDOLYN',0,'svr-iis/images/1006281.jpg','Upside',0,NULL,'GHARDEN'),(1006287,'DZIUBA','KAYLA',0,'svr-iis/images/1006287.jpg','Upside',0,NULL,'KDZIUBA'),(1006383,'HALL','ELIZABETH',0,'svr-iis/images/1006383.jpg','Upside',0,NULL,'EHALL'),(1006385,'TYRRELL','MICHELLE',0,'svr-iis/images/1006385.jpg','Upside',0,NULL,'MTYRRELL'),(1006429,'LOCKHART','LESLIE',0,'svr-iis/images/1006429.jpg','Upside',0,NULL,'LLOCKHART'),(1006444,'BOSTROM','KATIE',0,'svr-iis/images/1006444.jpg','Upside',0,NULL,'KBOSTROM'),(1006450,'CAMACHO','PRISCILLA',10000,'svr-iis/images/1006450.jpg','Upside',0,NULL,'PCAMACHO'),(1006629,'NAIR','ANJU',0,'svr-iis/images/1006629.jpg','Upside',0,NULL,'ANAIR'),(1006697,'MELENDEZ','ESMERALDA',0,'svr-iis/images/1006697.jpg','Upside',0,NULL,'EMELENDEZ'),(1006738,'CLAPP','EMMA',0,'svr-iis/images/1006738.jpg','Upside',0,NULL,'ECLAPP'),(1006755,'SINGH','KIRANJIT',0,'svr-iis/images/1006755.jpg','Upside',0,NULL,'KSINGH'),(1006775,'WEST','DEBBIE',0,'svr-iis/images/1006775.jpg','Upside',0,NULL,'DWEST'),(1006929,'AGUILAR','YULISSA',0,'svr-iis/images/1006929.jpg','Upside',0,NULL,'YAGUILAR'),(1006943,'EVANS','JASMINE',0,'svr-iis/images/1006943.jpg','Upside',0,NULL,'JEVANS'),(1006969,'PICKARD','CADE',0,'svr-iis/images/NoPhoto.jpg','',0,NULL,'CPICKARD'),(1006977,'TURNIPSEED','GREG',0,'svr-iis/images/1006977.jpg','Upside',0,NULL,'GTURNIPSEED'),(1007010,'WATTS','JEREMY',0,'svr-iis/images/1007010.jpg','Upside',0,NULL,'JWATTS'),(1007018,'SMITH','BRITTAINY',10000,'svr-iis/images/1007018.jpg','Upside',0,NULL,'BSMITH'),(1007072,'DEAN','BRITTANY',0,'svr-iis/images/1007072.jpg','Upside',0,NULL,'BDEAN'),(1007084,'GATES','ASHLEY',0,'svr-iis/images/1007084.jpg','Upside',0,NULL,'AGATES'),(1007110,'LANHAM','EMMA',0,'svr-iis/images/1007110.jpg','Upside',0,NULL,'ELANHAM'),(1007170,'MCDADE','JAXON',0,'svr-iis/images/1007170.jpg','Upside',0,NULL,'JMCDADE'),(1007258,'DURGIN','WESLEY',10000,'svr-iis/images/1007258.jpg','Upside',0,NULL,'WDURGIN'),(1007301,'GONZALEZ','RAUL',0,'svr-iis/images/1007301.jpg','Upside',0,NULL,'RGONZALEZ'),(1007337,'GUZMAN','ARIANA',0,'svr-iis/images/1007337.jpg','Upside',0,NULL,'AGUZMAN'),(1007383,'WILKEY','SAVANNAH',0,'svr-iis/images/1007383.jpg','Upside',0,NULL,'SWILKEY'),(1007502,'KHONDKER','SUMAIYA',0,'svr-iis/images/1007502.jpg','Upside',0,NULL,'SKHONDKER'),(1007510,'BROWN','SARAH',0,'svr-iis/images/1007510.jpg','Upside',0,NULL,'SBROWN'),(1007531,'SPURLING','CANDY',0,'svr-iis/images/1007531.jpg','Upside',0,NULL,'CSPURLING'),(5000038,'WEBB','PAIGE',0,'svr-iis/images/5000038.jpg','Upside',0,NULL,'PWEBB'),(5000049,'WOOD','JODI',0,'svr-iis/images/5000049.jpg','Upside',0,NULL,'JWOOD'),(5000279,'MORGAN','BECKY',0,'svr-iis/images/5000279.jpg','Upside',0,NULL,'BMORGAN'),(5000313,'MENDEZ','CHRISTINA',0,'svr-iis/images/5000313.jpg','Upside',0,NULL,'CMENDEZ'),(5000352,'HESS','JAN',0,'svr-iis/images/5000352.jpg','Upside',0,NULL,'JHESS'),(5000437,'PELLOM','EVIE',0,'svr-iis/images/5000437.jpg','Upside',0,NULL,'EPELLOM'),(5000548,'SMITH','COURTNEY',0,'svr-iis/images/5000548.jpg','Upside',0,NULL,'CSMITH'),(5000839,'MEER','SHEILA',0,'svr-iis/images/5000839.jpg','Upside',0,NULL,'SMEER'),(5001107,'BOWEN','KATIE',0,'svr-iis/images/5001107.jpg','Upside',0,NULL,'KBOWEN'),(5001153,'BEAVER','RHONDA',0,'svr-iis/images/5001153.jpg','Upside',0,NULL,'RBEAVER'),(5001156,'WILLIS','TAMMI',0,'svr-iis/images/5001156.jpg','Upside',0,NULL,'TWILLIS'),(5001158,'SERRANO','BREANNIE',0,'svr-iis/images/5001158.jpg','Upside',0,NULL,'BSERRANO'),(7002271,'HAYES','BLAIR',0,'svr-iis/images/7002271.jpg','Upside',0,NULL,'BHayes'),(9005432,'MATHIS','FANNY',0,'svr-iis/images/9005432.jpg','Upside',0,NULL,'FMATHIS'),(9006265,'BEARDEN','PAULA',0,'svr-iis/images/9006265.jpg','Upside',0,NULL,'PBEARDEN'),(9008780,'BRYANT','GREG',10000,'svr-iis/images/9008780.jpg','Upside',0,NULL,'GBRYANT'),(9011226,'CANADA','NEIL',0,'svr-iis/images/9011226.jpg','Upside',0,NULL,'NCANADA'),(9026282,'STEEL','MAXIMILLION',1000000,'svr-iis/images/9026282.jpg','SnapeKilledMe',0,NULL,'MSTEEL'),(9033644,'BIBIAN','ROSA',0,'svr-iis/images/9033644.jpg','HotelCalifornia',0,NULL,'RBIBIAN'),(9033734,'HASTY','DEBRA',0,'svr-iis/images/9033734.jpg','Upside',0,NULL,'DHASTY'),(9037209,'HOLCOMB','STEPHEN',0,'svr-iis/images/9037209.jpg','Upside',0,NULL,'SHOLCOMB'),(9039961,'JENNINGS','BARRY',0,'svr-iis/images/9039961.jpg','Upside',0,NULL,'BJENNINGS'),(9044051,'LANGSTON','SHARON',0,'svr-iis/images/9044051.jpg','Upside',0,NULL,'SLANGSTON'),(9051880,'MOORE','PAMELA',0,'svr-iis/images/9051880.jpg','Upside',0,NULL,'PMOORE'),(9058346,'PASLEY','NIKKI',100000,'svr-iis/images/9058346.jpg','Upside',0,NULL,'NPASLEY'),(9064060,'MCALLISTER','LORI',0,'svr-iis/images/9064060.jpg','Upside',0,NULL,'LMCALLISTER'),(9070834,'PAYNE','DEBRA',0,'svr-iis/images/9070834.jpg','Upside',0,NULL,'DPAYNE'),(9071173,'Mercury','Rory',0,'svr-iis/images/9071173.jpg','02',0,NULL,'RMERCURY'),(9075690,'COLE','KIMBERLY',0,'svr-iis/images/9075690.jpg','Upside',0,NULL,'KCOLE'),(9080003,'BRYANT','DALE',0,'svr-iis/images/9080003.jpg','Upside',0,NULL,'DBRYANT'),(9080759,'HAUSER','SANDRA',0,'svr-iis/images/9080759.jpg','Upside',0,NULL,'SHAUSER'),(9083499,'WHITE','CHAD',10000,'svr-iis/images/9083499.jpg','Pa$$w0rd',1,NULL,'CWHITE'),(9084592,'DIDONATO','STEPHANIE',1000,'svr-iis/images/9084592.jpg','Upside',0,NULL,'SDIDONATO');
/*!40000 ALTER TABLE `USERS` ENABLE KEYS */;
UNLOCK TABLES;

--
-- Table structure for table `USER_APPROVAL_LINK`
--

DROP TABLE IF EXISTS `USER_APPROVAL_LINK`;
/*!40101 SET @saved_cs_client     = @@character_set_client */;
/*!40101 SET character_set_client = utf8 */;
CREATE TABLE `USER_APPROVAL_LINK` (
  `USER_ID` int(11) NOT NULL,
  `DEPT_ID` int(11) NOT NULL,
  `CAMPUS_ID` int(11) NOT NULL,
  KEY `USER_APPROVAL_LINK_FK_1` (`CAMPUS_ID`,`DEPT_ID`),
  KEY `USER_APPROVAL_LINK_FK` (`USER_ID`),
  CONSTRAINT `USER_APPROVAL_LINK_FK` FOREIGN KEY (`USER_ID`) REFERENCES `USERS` (`EMP_ID`),
  CONSTRAINT `USER_APPROVAL_LINK_FK_1` FOREIGN KEY (`CAMPUS_ID`, `DEPT_ID`) REFERENCES `DEPARTMENTS` (`CAMPUS`, `DEPARTMENTS`)
) ENGINE=InnoDB DEFAULT CHARSET=utf8mb4;
/*!40101 SET character_set_client = @saved_cs_client */;

--
-- Dumping data for table `USER_APPROVAL_LINK`
--

LOCK TABLES `USER_APPROVAL_LINK` WRITE;
/*!40000 ALTER TABLE `USER_APPROVAL_LINK` DISABLE KEYS */;
INSERT INTO `USER_APPROVAL_LINK` VALUES (1007502,195,26),(1007502,205,26),(1007502,451,26),(9058346,195,26),(9058346,205,26),(9058346,451,26),(1007502,304,55),(1007502,311,55),(1007502,360,55),(1007502,364,55),(1007502,370,55),(1007502,378,55),(1007502,402,55),(1007502,459,55),(1007502,793,55),(1007502,800,55),(1007502,801,55),(1007502,802,55),(1007502,835,55),(1007502,850,55),(1007502,901,55),(1007502,903,55),(1007502,906,55),(1007502,948,55),(9008780,800,55),(9008780,801,55),(9008780,802,55),(9008780,402,55),(9026282,800,55),(9026282,801,55),(9026282,802,55),(9026282,402,55),(9083499,304,55),(9026282,304,55),(9026282,903,55),(9026282,906,55),(9026282,835,55),(1005254,311,55),(1005254,850,55),(1005254,360,55),(9026282,311,55),(9026282,850,55),(9026282,360,55),(1005670,378,55),(9026282,378,55),(1001148,364,55),(1001148,459,55),(1001148,901,55),(1001148,948,55),(9026282,364,55),(9026282,459,55),(9026282,901,55),(9026282,948,55),(1006450,370,55),(9026282,370,55),(1007018,793,55),(9026282,793,55),(1007502,710,57),(1007502,711,57),(1007502,712,57),(1007502,713,57),(1007502,714,57),(1007502,715,57),(1007258,710,57),(1007258,711,57),(1007258,712,57),(1007258,713,57),(1007258,714,57),(1007258,715,57),(9026282,710,57),(9026282,711,57),(9026282,712,57),(9026282,713,57),(9026282,714,57),(9026282,715,57),(1007502,215,99),(1007502,220,99),(1002950,220,99),(1002950,215,99),(9026282,0,55);
/*!40000 ALTER TABLE `USER_APPROVAL_LINK` ENABLE KEYS */;
UNLOCK TABLES;

--
-- Table structure for table `USER_ORDERING_LINK`
--

DROP TABLE IF EXISTS `USER_ORDERING_LINK`;
/*!40101 SET @saved_cs_client     = @@character_set_client */;
/*!40101 SET character_set_client = utf8 */;
CREATE TABLE `USER_ORDERING_LINK` (
  `USER_ID` int(11) NOT NULL,
  `DEPT_ID` int(11) NOT NULL,
  `CAMPUS_ID` int(11) NOT NULL,
  KEY `USER_DEPT_LINK_FK` (`USER_ID`),
  KEY `USER_DEPT_LINK_FK_1` (`CAMPUS_ID`,`DEPT_ID`),
  CONSTRAINT `USER_DEPT_LINK_FK` FOREIGN KEY (`USER_ID`) REFERENCES `USERS` (`EMP_ID`),
  CONSTRAINT `USER_DEPT_LINK_FK_1` FOREIGN KEY (`CAMPUS_ID`, `DEPT_ID`) REFERENCES `DEPARTMENTS` (`CAMPUS`, `DEPARTMENTS`)
) ENGINE=InnoDB DEFAULT CHARSET=latin1;
/*!40101 SET character_set_client = @saved_cs_client */;

--
-- Dumping data for table `USER_ORDERING_LINK`
--

LOCK TABLES `USER_ORDERING_LINK` WRITE;
/*!40000 ALTER TABLE `USER_ORDERING_LINK` DISABLE KEYS */;
INSERT INTO `USER_ORDERING_LINK` VALUES (5000352,195,26),(1000909,195,26),(5000839,195,26),(1006187,195,26),(9058346,205,26),(1007337,205,26),(9044051,205,26),(9039961,205,26),(1001519,451,26),(5001107,451,26),(1001697,451,26),(7002271,451,26),(1002143,304,55),(1005124,304,55),(1006697,304,55),(1004127,304,55),(1006191,311,55),(1005254,311,55),(1005608,311,55),(1005109,311,55),(5001153,360,55),(1005152,360,55),(1003834,360,55),(1003566,360,55),(1001148,364,55),(1005719,364,55),(1001313,364,55),(1006755,364,55),(1006450,370,55),(1007010,370,55),(1006385,370,55),(1004421,370,55),(1002602,378,55),(1005080,378,55),(9006265,378,55),(1005670,378,55),(9008780,402,55),(9011226,402,55),(1005777,402,55),(9070834,402,55),(1006259,459,55),(1007084,459,55),(5000437,459,55),(1005246,459,55),(1007018,793,55),(1005453,793,55),(1006198,793,55),(5000548,793,55),(1007383,800,55),(5001158,800,55),(9051880,800,55),(9084592,801,55),(1005651,801,55),(1006738,801,55),(1005052,802,55),(1006230,802,55),(1006629,802,55),(1006429,802,55),(1003837,835,55),(5000049,835,55),(1007531,835,55),(1006281,850,55),(1007170,850,55),(1004977,850,55),(5001156,901,55),(1006036,901,55),(1002550,901,55),(5000313,903,55),(1006262,903,55),(1006775,903,55),(9080759,906,55),(1003185,906,55),(1005049,906,55),(1003644,948,55),(1007072,948,55),(1006080,948,55),(1005928,710,57),(1007301,710,57),(1006943,710,57),(1007258,711,57),(1006383,711,57),(1001987,711,57),(1006444,712,57),(1004570,712,57),(5000279,712,57),(9033734,713,57),(1006287,713,57),(1007502,713,57),(1007510,714,57),(1003537,714,57),(1006977,714,57),(1007110,715,57),(9075690,715,57),(1005893,715,57),(1002950,215,99),(9037209,215,99),(9064060,215,99),(5000038,220,99),(1006929,220,99),(1004703,220,99),(9083499,903,55),(9083499,835,55);
/*!40000 ALTER TABLE `USER_ORDERING_LINK` ENABLE KEYS */;
UNLOCK TABLES;
/*!40103 SET TIME_ZONE=@OLD_TIME_ZONE */;

/*!40101 SET SQL_MODE=@OLD_SQL_MODE */;
/*!40014 SET FOREIGN_KEY_CHECKS=@OLD_FOREIGN_KEY_CHECKS */;
/*!40014 SET UNIQUE_CHECKS=@OLD_UNIQUE_CHECKS */;
/*!40101 SET CHARACTER_SET_CLIENT=@OLD_CHARACTER_SET_CLIENT */;
/*!40101 SET CHARACTER_SET_RESULTS=@OLD_CHARACTER_SET_RESULTS */;
/*!40101 SET COLLATION_CONNECTION=@OLD_COLLATION_CONNECTION */;
/*!40111 SET SQL_NOTES=@OLD_SQL_NOTES */;

-- Dump completed on 2021-12-11 11:41:10
